mode: set
fb_apu04/main.go:33.30,35.2 1 0
fb_apu04/main.go:37.21,39.2 1 0
fb_apu04/main.go:57.22,61.2 3 0
fb_apu04/main.go:63.20,64.12 1 0
fb_apu04/main.go:64.12,68.20 4 0
fb_apu04/main.go:68.20,72.4 2 0
fb_apu04/main.go:75.3,76.7 2 0
fb_apu04/main.go:76.7,79.18 3 0
fb_apu04/main.go:79.18,81.19 2 0
fb_apu04/main.go:81.19,99.6 10 0
fb_apu04/main.go:102.4,107.31 5 0
fb_apu04/main.go:112.22,119.57 3 0
fb_apu04/main.go:119.57,121.58 1 0
fb_apu04/main.go:121.58,123.4 1 0
fb_apu04/main.go:126.2,128.16 3 0
fb_apu04/main.go:128.16,130.3 1 0
fb_apu04/main.go:130.8,135.19 3 0
fb_apu04/main.go:135.19,140.18 2 0
fb_apu04/main.go:140.18,142.5 1 0
fb_apu04/main.go:143.9,147.20 3 0
fb_apu04/main.go:147.20,151.21 3 0
fb_apu04/main.go:151.21,154.26 3 0
fb_apu04/main.go:154.26,156.7 1 0
fb_apu04/main.go:161.4,163.76 3 0
fb_apu04/main.go:163.76,172.5 4 0
fb_apu04/main.go:172.10,176.17 3 0
fb_apu04/main.go:176.17,179.6 2 0
fb_apu04/main.go:183.3,183.22 1 0
fb_apu04/main.go:183.22,185.4 1 0
fb_apu04/main.go:186.3,186.30 1 0
fb_apu04/main.go:186.30,191.23 4 0
fb_apu04/main.go:191.23,193.13 2 0
fb_apu04/main.go:195.4,195.23 1 0
fb_apu04/main.go:195.23,196.13 1 0
fb_apu04/main.go:199.4,201.18 3 0
fb_apu04/main.go:201.18,203.13 2 0
fb_apu04/main.go:205.4,206.18 2 0
fb_apu04/main.go:206.18,209.13 2 0
fb_apu04/main.go:211.4,213.24 3 0
fb_apu04/main.go:213.24,215.5 1 0
fb_apu04/main.go:220.2,226.12 3 0
fb_apu04/main.go:226.12,230.17 4 0
fb_apu04/main.go:230.17,232.4 1 0
fb_apu04/main.go:232.9,234.4 1 0
fb_apu04/main.go:239.59,240.54 1 0
fb_apu04/main.go:240.54,242.22 2 0
fb_apu04/main.go:242.22,247.4 4 0
fb_apu04/main.go:248.3,248.13 1 0
fb_apu04/main.go:252.13,260.74 3 0
fb_apu04/main.go:260.74,262.3 1 0
fb_apu04/main.go:268.2,278.16 6 0
fb_apu04/main.go:278.16,280.3 1 0
fb_apu04/main.go:283.2,285.78 2 0
fb_apu04/main.go:285.78,293.22 6 0
fb_apu04/main.go:293.22,295.42 2 0
fb_apu04/main.go:295.42,297.5 1 0
fb_apu04/main.go:297.10,299.5 1 0
fb_apu04/main.go:300.4,300.136 1 0
fb_apu04/main.go:301.9,303.20 2 0
fb_apu04/main.go:303.20,306.5 2 0
fb_apu04/main.go:307.4,307.21 1 0
fb_apu04/main.go:310.3,320.38 2 0
fb_apu04/main.go:342.2,342.56 1 0
fb_apu04/main.go:342.56,346.3 3 0
fb_apu04/main.go:348.2,348.81 1 0
fb_apu04/main.go:348.81,349.55 1 0
fb_apu04/main.go:349.55,351.23 2 0
fb_apu04/main.go:351.23,354.5 2 0
fb_apu04/main.go:355.4,355.34 1 0
fb_apu04/main.go:359.2,359.96 1 0
fb_apu04/main.go:359.96,360.55 1 0
fb_apu04/main.go:360.55,362.23 2 0
fb_apu04/main.go:362.23,365.5 2 0
fb_apu04/main.go:366.4,367.42 2 0
fb_apu04/main.go:372.2,403.77 17 0
fb_apu04/main.go:403.77,405.22 2 0
fb_apu04/main.go:405.22,408.4 2 0
fb_apu04/main.go:409.3,409.72 1 0
fb_apu04/main.go:409.72,411.48 2 0
fb_apu04/main.go:411.48,414.5 2 0
fb_apu04/main.go:415.4,415.42 1 0
fb_apu04/main.go:415.42,418.5 2 0
fb_apu04/main.go:419.4,419.48 1 0
fb_apu04/main.go:423.2,452.91 23 0
fb_apu04/main.go:452.91,454.22 2 0
fb_apu04/main.go:454.22,457.4 2 0
fb_apu04/main.go:458.3,458.19 1 0
fb_apu04/main.go:459.23,460.80 1 0
fb_apu04/main.go:461.24,462.82 1 0
fb_apu04/main.go:463.26,464.82 1 0
fb_apu04/main.go:465.11,466.68 1 0
fb_apu04/main.go:469.2,475.89 4 0
fb_apu04/main.go:475.89,476.55 1 0
fb_apu04/main.go:476.55,477.20 1 0
fb_apu04/main.go:478.24,479.46 1 0
fb_apu04/main.go:480.25,481.48 1 0
fb_apu04/main.go:482.24,483.48 1 0
fb_apu04/main.go:484.27,485.48 1 0
fb_apu04/main.go:486.12,487.69 1 0
fb_apu04/main.go:492.2,492.83 1 0
fb_apu04/main.go:492.83,493.55 1 0
fb_apu04/main.go:493.55,494.20 1 0
fb_apu04/main.go:495.24,496.40 1 0
fb_apu04/main.go:497.25,498.42 1 0
fb_apu04/main.go:499.27,500.42 1 0
fb_apu04/main.go:501.12,502.69 1 0
fb_apu04/main.go:507.2,507.86 1 0
fb_apu04/main.go:507.86,508.55 1 0
fb_apu04/main.go:508.55,509.20 1 0
fb_apu04/main.go:510.24,511.43 1 0
fb_apu04/main.go:512.25,513.44 1 0
fb_apu04/main.go:514.42,515.44 1 0
fb_apu04/main.go:516.27,517.44 1 0
fb_apu04/main.go:518.12,519.69 1 0
fb_apu04/main.go:525.2,525.30 1 0
fb_apu04/main.go:525.30,527.88 1 0
fb_apu04/main.go:527.88,529.23 2 0
fb_apu04/main.go:529.23,532.5 2 0
fb_apu04/main.go:533.4,533.20 1 0
fb_apu04/main.go:534.24,535.82 1 0
fb_apu04/main.go:536.25,537.83 1 0
fb_apu04/main.go:538.27,539.85 1 0
fb_apu04/main.go:540.12,541.69 1 0
fb_apu04/main.go:546.3,560.88 9 0
fb_apu04/main.go:565.2,610.94 33 0
fb_apu04/main.go:610.94,612.22 2 0
fb_apu04/main.go:612.22,615.4 2 0
fb_apu04/main.go:616.3,616.65 1 0
fb_apu04/main.go:618.2,618.92 1 0
fb_apu04/main.go:618.92,620.22 2 0
fb_apu04/main.go:620.22,623.4 2 0
fb_apu04/main.go:624.3,624.63 1 0
fb_apu04/main.go:626.2,632.81 5 0
fb_apu04/main.go:632.81,634.22 2 0
fb_apu04/main.go:634.22,637.4 2 0
fb_apu04/main.go:639.3,639.19 1 0
fb_apu04/main.go:640.41,641.78 1 0
fb_apu04/main.go:642.26,643.78 1 0
fb_apu04/main.go:644.11,645.68 1 0
fb_apu04/main.go:650.2,651.46 2 0
fb_apu04/main.go:651.46,653.69 2 0
fb_apu04/main.go:653.69,655.46 1 0
fb_apu04/main.go:655.46,658.5 2 0
fb_apu04/main.go:660.4,661.55 2 0
fb_apu04/main.go:661.55,664.5 2 0
fb_apu04/main.go:665.4,665.22 1 0
fb_apu04/main.go:667.3,667.48 1 0
fb_apu04/main.go:670.2,690.12 6 0
fb_apu04/main.go:690.12,700.46 7 0
fb_apu04/main.go:700.46,702.4 1 0
fb_apu04/main.go:704.3,705.22 2 0
fb_apu04/main.go:705.22,708.4 2 0
fb_apu04/main.go:710.3,711.13 2 0
fb_apu04/main.go:714.2,714.79 1 0
fb_apu04/main.go:714.79,716.3 1 0
fb_apu04/worker/ai_integration.go:58.84,62.37 3 0
fb_apu04/worker/ai_integration.go:62.37,65.3 2 0
fb_apu04/worker/ai_integration.go:68.2,69.16 2 0
fb_apu04/worker/ai_integration.go:69.16,71.3 1 0
fb_apu04/worker/ai_integration.go:74.2,74.63 1 0
fb_apu04/worker/ai_integration.go:74.63,77.3 2 0
fb_apu04/worker/ai_integration.go:80.2,84.47 4 0
fb_apu04/worker/ai_integration.go:84.47,87.17 3 0
fb_apu04/worker/ai_integration.go:87.17,91.4 3 0
fb_apu04/worker/ai_integration.go:91.9,94.4 2 0
fb_apu04/worker/ai_integration.go:95.8,99.3 3 0
fb_apu04/worker/ai_integration.go:102.2,111.16 5 0
fb_apu04/worker/ai_integration.go:111.16,113.3 1 0
fb_apu04/worker/ai_integration.go:114.2,118.16 3 0
fb_apu04/worker/ai_integration.go:118.16,120.3 1 0
fb_apu04/worker/ai_integration.go:123.2,124.29 2 0
fb_apu04/worker/ai_integration.go:124.29,126.3 1 0
fb_apu04/worker/ai_integration.go:129.2,131.18 3 0
fb_apu04/worker/ai_integration.go:131.18,131.36 1 0
fb_apu04/worker/ai_integration.go:132.2,132.18 1 0
fb_apu04/worker/ai_integration.go:132.18,132.35 1 0
fb_apu04/worker/ai_integration.go:133.2,163.16 10 0
fb_apu04/worker/ai_integration.go:163.16,165.3 1 0
fb_apu04/worker/ai_integration.go:167.2,167.12 1 0
fb_apu04/worker/ai_integration.go:171.46,173.21 2 0
fb_apu04/worker/ai_integration.go:173.21,175.3 1 0
fb_apu04/worker/ai_integration.go:176.2,179.31 3 0
fb_apu04/worker/ai_integration.go:179.31,181.3 1 0
fb_apu04/worker/ai_integration.go:182.2,182.56 1 0
fb_apu04/worker/ai_integration.go:186.52,209.2 3 0
fb_apu04/worker/ai_integration.go:212.87,220.40 3 0
fb_apu04/worker/ai_integration.go:220.40,222.3 1 0
fb_apu04/worker/ai_integration.go:225.2,235.16 2 0
fb_apu04/worker/ai_integration.go:235.16,237.3 1 0
fb_apu04/worker/ai_integration.go:238.2,240.18 2 0
fb_apu04/worker/ai_integration.go:240.18,242.84 2 0
fb_apu04/worker/ai_integration.go:242.84,244.4 1 0
fb_apu04/worker/ai_integration.go:245.3,246.27 2 0
fb_apu04/worker/ai_integration.go:246.27,249.4 2 0
fb_apu04/worker/ai_integration.go:249.9,252.4 2 0
fb_apu04/worker/ai_integration.go:254.2,256.27 3 0
fb_apu04/worker/ai_integration.go:256.27,258.3 1 0
fb_apu04/worker/ai_integration.go:261.2,281.16 5 0
fb_apu04/worker/ai_integration.go:281.16,286.25 5 0
fb_apu04/worker/ai_integration.go:286.25,289.68 3 0
fb_apu04/worker/ai_integration.go:289.68,290.13 1 0
fb_apu04/worker/ai_integration.go:292.4,294.23 3 0
fb_apu04/worker/ai_integration.go:294.23,297.5 2 0
fb_apu04/worker/ai_integration.go:297.10,300.5 2 0
fb_apu04/worker/ai_integration.go:302.3,304.30 3 0
fb_apu04/worker/ai_integration.go:304.30,306.4 1 0
fb_apu04/worker/ai_integration.go:307.3,307.30 1 0
fb_apu04/worker/ai_integration.go:307.30,309.4 1 0
fb_apu04/worker/ai_integration.go:313.2,313.33 1 0
fb_apu04/worker/ai_integration.go:313.33,318.3 4 0
fb_apu04/worker/ai_integration.go:320.2,320.20 1 0
fb_apu04/worker/ai_integration.go:324.64,342.33 16 0
fb_apu04/worker/ai_integration.go:342.33,348.3 5 0
fb_apu04/worker/ai_integration.go:350.2,350.31 1 0
fb_apu04/worker/ai_integration.go:350.31,352.39 2 0
fb_apu04/worker/ai_integration.go:352.39,354.4 1 0
fb_apu04/worker/ai_integration.go:357.2,360.20 3 0
fb_apu04/worker/ai_integration.go:394.31,395.12 1 0
fb_apu04/worker/ai_integration.go:395.12,397.3 1 0
fb_apu04/worker/ai_integration.go:398.2,399.9 2 0
fb_apu04/worker/ai_integration.go:399.9,401.3 1 0
fb_apu04/worker/ai_integration.go:402.2,406.33 5 0
fb_apu04/worker/ai_integration.go:406.33,408.16 2 0
fb_apu04/worker/ai_integration.go:408.16,410.4 1 0
fb_apu04/worker/ai_integration.go:411.3,411.49 1 0
fb_apu04/worker/ai_integration.go:413.2,414.9 2 0
fb_apu04/worker/ai_integration.go:414.9,416.3 1 0
fb_apu04/worker/ai_integration.go:417.2,417.15 1 0
fb_apu04/worker/ai_integration.go:421.49,442.26 17 0
fb_apu04/worker/ai_integration.go:442.26,444.34 2 0
fb_apu04/worker/ai_integration.go:444.34,447.4 1 0
fb_apu04/worker/ai_integration.go:448.3,448.23 1 0
fb_apu04/worker/ai_integration.go:451.2,452.20 2 0
fb_apu04/worker/ai_integration.go:456.86,463.16 2 0
fb_apu04/worker/ai_integration.go:463.16,465.3 1 0
fb_apu04/worker/ai_integration.go:466.2,469.18 3 0
fb_apu04/worker/ai_integration.go:469.18,471.131 2 0
fb_apu04/worker/ai_integration.go:471.131,473.4 1 0
fb_apu04/worker/ai_integration.go:474.3,474.33 1 0
fb_apu04/worker/ai_integration.go:477.2,477.22 1 0
fb_apu04/worker/worker.go:21.30,30.30 5 0
fb_apu04/worker/worker.go:30.30,32.17 2 0
fb_apu04/worker/worker.go:32.17,34.4 1 0
fb_apu04/worker/worker.go:38.2,42.12 2 0
fb_apu04/worker/worker.go:42.12,45.17 3 0
fb_apu04/worker/worker.go:45.17,46.27 1 0
fb_apu04/worker/worker.go:46.27,48.5 1 0
fb_apu04/worker/worker.go:49.4,49.10 1 0
fb_apu04/worker/worker.go:51.3,52.33 2 0
fb_apu04/worker/worker.go:52.33,53.21 1 0
fb_apu04/worker/worker.go:53.21,54.13 1 0
fb_apu04/worker/worker.go:56.4,63.18 4 0
fb_apu04/worker/worker.go:63.18,65.44 2 0
fb_apu04/worker/worker.go:65.44,68.6 2 0
fb_apu04/worker/worker.go:71.3,71.18 1 0
fb_apu04/worker/worker.go:71.18,73.4 1 0
fb_apu04/worker/worker.go:78.2,79.16 2 0
fb_apu04/worker/worker.go:79.16,81.16 2 0
fb_apu04/worker/worker.go:81.16,83.4 1 0
fb_apu04/worker/worker.go:84.8,86.3 1 0
fb_apu04/worker/worker.go:88.2,88.38 1 0
fb_apu04/worker/worker.go:88.38,91.3 2 0
fb_apu04/worker/worker.go:96.37,97.15 1 0
fb_apu04/worker/worker.go:97.15,98.31 1 0
fb_apu04/worker/worker.go:98.31,102.4 3 0
fb_apu04/worker/worker.go:104.2,105.6 2 0
fb_apu04/worker/worker.go:105.6,108.3 2 0
fb_apu04/worker/worker.go:111.47,127.16 4 0
fb_apu04/worker/worker.go:127.16,130.3 2 0
fb_apu04/worker/worker.go:131.2,134.26 3 0
fb_apu04/worker/worker.go:134.26,136.3 1 0
fb_apu04/worker/worker.go:136.8,136.23 1 0
fb_apu04/worker/worker.go:136.23,139.3 2 0
fb_apu04/worker/worker.go:141.2,145.16 3 0
fb_apu04/worker/worker.go:145.16,148.3 2 0
fb_apu04/worker/worker.go:151.2,151.36 1 0
fb_apu04/worker/worker.go:151.36,154.3 2 0
fb_apu04/worker/worker.go:157.2,157.34 1 0
fb_apu04/worker/worker.go:157.34,160.35 3 0
fb_apu04/worker/worker.go:160.35,163.4 2 0
fb_apu04/worker/worker.go:166.2,169.29 2 0
fb_apu04/worker/worker.go:169.29,171.86 2 0
fb_apu04/worker/worker.go:171.86,173.4 1 0
fb_apu04/worker/worker.go:173.9,173.30 1 0
fb_apu04/worker/worker.go:173.30,175.4 1 0
fb_apu04/worker/worker.go:178.2,178.16 1 0
fb_apu04/worker/worker.go:178.16,180.57 1 0
fb_apu04/worker/worker.go:180.57,183.4 2 0
fb_apu04/worker/worker.go:183.9,186.4 2 0
fb_apu04/worker/worker.go:188.3,188.21 1 0
fb_apu04/worker/worker.go:189.8,206.37 6 0
fb_apu04/worker/worker.go:206.37,208.4 1 0
fb_apu04/worker/worker.go:208.9,218.18 4 0
fb_apu04/worker/worker.go:218.18,221.5 2 0
fb_apu04/worker/worker.go:222.4,222.18 1 0
fb_apu04/worker/worker.go:222.18,224.5 1 0
fb_apu04/worker/worker.go:224.10,226.5 1 0
fb_apu04/worker/worker.go:229.4,230.18 2 0
fb_apu04/worker/worker.go:230.18,233.5 2 0
fb_apu04/worker/worker.go:234.4,234.18 1 0
fb_apu04/worker/worker.go:234.18,236.5 1 0
fb_apu04/worker/worker.go:236.10,238.5 1 0
fb_apu04/worker/worker.go:241.4,242.18 2 0
fb_apu04/worker/worker.go:242.18,245.5 2 0
fb_apu04/worker/worker.go:246.4,246.18 1 0
fb_apu04/worker/worker.go:246.18,248.5 1 0
fb_apu04/worker/worker.go:248.10,250.5 1 0
fb_apu04/worker/worker.go:252.4,258.53 4 0
fb_apu04/worker/worker.go:258.53,260.80 2 0
fb_apu04/worker/worker.go:260.80,262.6 1 0
fb_apu04/worker/worker.go:263.10,263.25 1 0
fb_apu04/worker/worker.go:263.25,265.5 1 0
fb_apu04/worker/worker.go:271.47,273.16 2 0
fb_apu04/worker/worker.go:273.16,275.3 1 0
fb_apu04/worker/worker.go:276.2,279.16 3 0
fb_apu04/worker/worker.go:279.16,281.3 1 0
fb_apu04/worker/worker.go:282.2,282.23 1 0
fb_apu04/worker/worker.go:282.23,284.3 1 0
fb_apu04/worker/worker.go:287.2,288.50 2 0
fb_apu04/worker/worker.go:288.50,290.3 1 0
fb_apu04/worker/worker.go:292.2,292.51 1 0
fb_apu04/worker/worker.go:292.51,294.52 1 0
fb_apu04/worker/worker.go:294.52,295.27 1 0
fb_apu04/worker/worker.go:295.27,297.5 1 0
fb_apu04/worker/worker.go:298.4,298.14 1 0
fb_apu04/worker/worker.go:300.3,300.96 1 0
fb_apu04/worker/worker.go:305.2,306.27 2 0
fb_apu04/worker/worker.go:306.27,308.3 1 0
fb_apu04/worker/worker.go:309.2,311.33 3 0
fb_apu04/worker/worker.go:311.33,313.3 1 0
fb_apu04/worker/worker.go:317.2,317.86 1 0
fb_apu04/worker/worker.go:317.86,321.35 2 0
fb_apu04/worker/worker.go:321.35,324.4 2 0
fb_apu04/worker/worker.go:327.3,328.25 2 0
fb_apu04/worker/worker.go:328.25,330.4 1 0
fb_apu04/worker/worker.go:331.3,335.13 3 0
fb_apu04/worker/worker.go:337.2,337.12 1 0
fb_apu04/worker/worker.go:340.38,341.17 1 0
fb_apu04/worker/worker.go:341.17,343.3 1 0
fb_apu04/worker/worker.go:345.2,345.45 1 0
fb_apu04/worker/worker.go:348.37,349.13 1 0
fb_apu04/worker/worker.go:349.13,351.3 1 0
fb_apu04/worker/worker.go:352.2,354.10 3 0
fb_apu04/worker/worker.go:357.70,359.34 1 0
fb_apu04/worker/worker.go:359.34,361.3 1 0
fb_apu04/worker/worker.go:364.2,366.41 3 0
fb_apu04/worker/worker.go:366.41,368.3 1 0
fb_apu04/worker/worker.go:368.8,370.3 1 0
fb_apu04/worker/worker.go:373.2,377.52 3 0
fb_apu04/worker/worker.go:377.52,381.3 3 0
fb_apu04/worker/worker.go:384.2,385.16 2 0
fb_apu04/worker/worker.go:385.16,387.3 1 0
fb_apu04/worker/worker.go:388.2,391.40 2 0
fb_apu04/worker/worker.go:391.40,393.3 1 0
fb_apu04/worker/worker.go:396.2,404.27 6 0
fb_apu04/worker/worker.go:404.27,407.58 3 0
fb_apu04/worker/worker.go:407.58,409.4 1 0
fb_apu04/worker/worker.go:410.3,410.32 1 0
fb_apu04/worker/worker.go:413.2,428.16 5 0
fb_apu04/worker/worker.go:428.16,430.3 1 0
fb_apu04/worker/worker.go:433.2,435.154 3 0
fb_apu04/worker/worker.go:435.154,437.3 1 0
fb_apu04/worker/worker.go:437.8,437.28 1 0
fb_apu04/worker/worker.go:437.28,440.3 1 0
fb_apu04/worker/worker.go:441.2,445.100 3 0
fb_apu04/worker/worker.go:445.100,449.3 3 0
fb_apu04/worker/worker.go:454.2,460.234 4 0
fb_apu04/worker/worker.go:460.234,462.3 1 0
fb_apu04/worker/worker.go:465.2,465.29 1 0
fb_apu04/worker/worker.go:465.29,468.26 2 0
fb_apu04/worker/worker.go:468.26,478.23 8 0
fb_apu04/worker/worker.go:478.23,480.19 2 0
fb_apu04/worker/worker.go:480.19,482.6 1 0
fb_apu04/worker/worker.go:484.5,485.19 2 0
fb_apu04/worker/worker.go:485.19,487.6 1 0
fb_apu04/worker/worker.go:489.5,490.19 2 0
fb_apu04/worker/worker.go:490.19,492.6 1 0
fb_apu04/worker/worker.go:494.5,495.19 2 0
fb_apu04/worker/worker.go:495.19,497.6 1 0
fb_apu04/worker/worker.go:499.5,500.19 2 0
fb_apu04/worker/worker.go:500.19,502.6 1 0
fb_apu04/worker/worker.go:504.5,505.19 2 0
fb_apu04/worker/worker.go:505.19,507.6 1 0
fb_apu04/worker/worker.go:509.5,510.19 2 0
fb_apu04/worker/worker.go:510.19,512.6 1 0
fb_apu04/worker/worker.go:514.5,515.19 2 0
fb_apu04/worker/worker.go:515.19,517.6 1 0
fb_apu04/worker/worker.go:519.5,519.15 1 0
fb_apu04/worker/worker.go:522.4,522.18 1 0
fb_apu04/worker/worker.go:522.18,524.5 1 0
fb_apu04/worker/worker.go:527.4,527.23 1 0
fb_apu04/worker/worker.go:527.23,529.5 1 0
fb_apu04/worker/worker.go:530.4,530.23 1 0
fb_apu04/worker/worker.go:530.23,532.5 1 0
fb_apu04/worker/worker.go:533.4,533.23 1 0
fb_apu04/worker/worker.go:533.23,535.5 1 0
fb_apu04/worker/worker.go:536.4,536.23 1 0
fb_apu04/worker/worker.go:536.23,538.5 1 0
fb_apu04/worker/worker.go:539.4,539.23 1 0
fb_apu04/worker/worker.go:539.23,541.5 1 0
fb_apu04/worker/worker.go:542.4,542.23 1 0
fb_apu04/worker/worker.go:542.23,544.5 1 0
fb_apu04/worker/worker.go:545.4,545.23 1 0
fb_apu04/worker/worker.go:545.23,547.5 1 0
fb_apu04/worker/worker.go:548.4,548.17 1 0
fb_apu04/worker/worker.go:548.17,550.5 1 0
fb_apu04/worker/worker.go:552.4,554.13 3 0
fb_apu04/worker/worker.go:556.3,556.97 1 0
fb_apu04/worker/worker.go:560.2,560.30 1 0
fb_apu04/worker/worker.go:560.30,562.22 1 0
fb_apu04/worker/worker.go:562.22,565.4 1 0
fb_apu04/worker/worker.go:566.3,566.22 1 0
fb_apu04/worker/worker.go:566.22,569.4 1 0
fb_apu04/worker/worker.go:572.3,572.22 1 0
fb_apu04/worker/worker.go:572.22,574.4 1 0
fb_apu04/worker/worker.go:575.3,575.22 1 0
fb_apu04/worker/worker.go:575.22,577.4 1 0
fb_apu04/worker/worker.go:578.3,578.22 1 0
fb_apu04/worker/worker.go:578.22,580.4 1 0
fb_apu04/worker/worker.go:581.3,581.22 1 0
fb_apu04/worker/worker.go:581.22,583.4 1 0
fb_apu04/worker/worker.go:584.3,584.22 1 0
fb_apu04/worker/worker.go:584.22,586.4 1 0
fb_apu04/worker/worker.go:589.3,589.16 1 0
fb_apu04/worker/worker.go:589.16,590.38 1 0
fb_apu04/worker/worker.go:590.38,592.5 1 0
fb_apu04/worker/worker.go:594.3,594.13 1 0
fb_apu04/worker/worker.go:598.2,598.37 1 0
fb_apu04/worker/worker.go:598.37,600.3 1 0
fb_apu04/worker/worker.go:602.2,602.21 1 0
fb_apu04/worker/worker.go:602.21,606.20 2 0
fb_apu04/worker/worker.go:606.20,607.12 1 0
fb_apu04/worker/worker.go:612.3,612.39 1 0
fb_apu04/worker/worker.go:612.39,613.12 1 0
fb_apu04/worker/worker.go:615.3,620.31 3 0
fb_apu04/worker/worker.go:620.31,621.22 1 0
fb_apu04/worker/worker.go:621.22,624.5 1 0
fb_apu04/worker/worker.go:624.10,626.5 1 0
fb_apu04/worker/worker.go:630.3,630.37 1 0
fb_apu04/worker/worker.go:630.37,633.4 2 0
fb_apu04/worker/worker.go:635.3,635.31 1 0
fb_apu04/worker/worker.go:635.31,638.112 2 0
fb_apu04/worker/worker.go:638.112,639.38 1 0
fb_apu04/worker/worker.go:639.38,642.6 2 0
fb_apu04/worker/worker.go:647.4,648.22 2 0
fb_apu04/worker/worker.go:648.22,651.5 2 0
fb_apu04/worker/worker.go:651.10,653.5 1 0
fb_apu04/worker/worker.go:654.4,658.40 3 0
fb_apu04/worker/worker.go:658.40,660.5 1 0
fb_apu04/worker/worker.go:663.4,664.18 2 0
fb_apu04/worker/worker.go:664.18,666.5 1 0
fb_apu04/worker/worker.go:669.4,671.39 2 0
fb_apu04/worker/worker.go:671.39,673.5 1 0
fb_apu04/worker/worker.go:677.3,677.20 1 0
fb_apu04/worker/worker.go:677.20,679.23 2 0
fb_apu04/worker/worker.go:679.23,681.78 1 0
fb_apu04/worker/worker.go:681.78,684.11 3 0
fb_apu04/worker/worker.go:691.3,691.14 1 0
fb_apu04/worker/worker.go:692.15,694.23 2 0
fb_apu04/worker/worker.go:694.23,704.24 7 0
fb_apu04/worker/worker.go:704.24,706.6 1 0
fb_apu04/worker/worker.go:709.5,711.24 2 0
fb_apu04/worker/worker.go:711.24,713.53 2 0
fb_apu04/worker/worker.go:713.53,715.7 1 0
fb_apu04/worker/worker.go:718.15,720.24 2 0
fb_apu04/worker/worker.go:720.24,723.5 2 0
fb_apu04/worker/worker.go:724.15,726.24 2 0
fb_apu04/worker/worker.go:726.24,737.5 9 0
fb_apu04/worker/worker.go:738.15,740.47 2 0
fb_apu04/worker/worker.go:740.47,743.18 3 0
fb_apu04/worker/worker.go:743.18,748.31 5 0
fb_apu04/worker/worker.go:748.31,750.7 1 0
fb_apu04/worker/worker.go:752.5,752.213 1 0
fb_apu04/worker/worker.go:754.15,759.23 2 0
fb_apu04/worker/worker.go:759.23,762.30 3 0
fb_apu04/worker/worker.go:762.30,764.6 1 0
fb_apu04/worker/worker.go:765.10,778.24 10 0
fb_apu04/worker/worker.go:778.24,780.6 1 0
fb_apu04/worker/worker.go:782.5,784.24 3 0
fb_apu04/worker/worker.go:784.24,787.6 2 0
fb_apu04/worker/worker.go:790.5,790.23 1 0
fb_apu04/worker/worker.go:790.23,793.31 3 0
fb_apu04/worker/worker.go:793.31,795.7 1 0
fb_apu04/worker/worker.go:798.5,802.188 4 0
fb_apu04/worker/worker.go:802.188,804.6 1 0
fb_apu04/worker/worker.go:806.15,808.24 2 0
fb_apu04/worker/worker.go:808.24,814.5 5 0
fb_apu04/worker/worker.go:815.15,820.24 2 0
fb_apu04/worker/worker.go:820.24,824.24 4 0
fb_apu04/worker/worker.go:824.24,826.6 1 0
fb_apu04/worker/worker.go:829.5,836.244 6 0
fb_apu04/worker/worker.go:838.15,840.23 2 0
fb_apu04/worker/worker.go:840.23,843.30 3 0
fb_apu04/worker/worker.go:843.30,845.6 1 0
fb_apu04/worker/worker.go:846.10,851.24 4 0
fb_apu04/worker/worker.go:851.24,853.6 1 0
fb_apu04/worker/worker.go:855.5,857.24 3 0
fb_apu04/worker/worker.go:857.24,860.6 2 0
fb_apu04/worker/worker.go:863.5,863.23 1 0
fb_apu04/worker/worker.go:863.23,866.31 3 0
fb_apu04/worker/worker.go:866.31,868.7 1 0
fb_apu04/worker/worker.go:871.5,875.243 4 0
fb_apu04/worker/worker.go:880.2,880.38 1 0
fb_apu04/worker/worker.go:880.38,882.3 1 0
fb_apu04/worker/worker.go:883.2,883.20 1 0
fb_apu04/worker/worker.go:883.20,885.3 1 0
fb_apu04/worker/worker.go:886.2,886.15 1 0
fb_apu04/worker/worker.go:886.15,889.3 2 0
fb_apu04/worker/worker.go:892.2,892.38 1 0
fb_apu04/worker/worker.go:892.38,894.3 1 0
fb_apu04/worker/worker.go:897.2,902.16 4 0
fb_apu04/worker/worker.go:902.16,904.3 1 0
fb_apu04/worker/worker.go:905.2,907.61 2 0
fb_apu04/worker/worker.go:907.61,910.3 2 0
fb_apu04/worker/worker.go:911.2,911.39 1 0
fb_apu04/worker/worker.go:911.39,913.3 1 0
fb_apu04/worker/worker.go:916.2,924.201 7 0
fb_apu04/worker/worker.go:927.70,928.66 1 0
fb_apu04/worker/worker.go:928.66,930.3 1 0
fb_apu04/worker/worker.go:933.2,963.16 2 0
fb_apu04/worker/worker.go:963.16,965.3 1 0
fb_apu04/worker/worker.go:968.2,981.16 2 0
fb_apu04/worker/worker.go:981.16,983.3 1 0
fb_apu04/worker/worker.go:986.2,999.16 2 0
fb_apu04/worker/worker.go:999.16,1001.3 1 0
fb_apu04/worker/worker.go:1004.2,1017.16 2 0
fb_apu04/worker/worker.go:1017.16,1019.3 1 0
fb_apu04/worker/worker.go:1022.2,1035.16 2 0
fb_apu04/worker/worker.go:1035.16,1037.3 1 0
fb_apu04/worker/worker.go:1039.2,1039.12 1 0
fb_apu04/worker/worker.go:1050.58,1061.26 9 0
fb_apu04/worker/worker.go:1061.26,1063.3 1 0
fb_apu04/worker/worker.go:1064.2,1064.15 1 0
fb_apu04/worker/xml_worker.go:24.33,34.16 4 0
fb_apu04/worker/xml_worker.go:34.16,36.16 2 0
fb_apu04/worker/xml_worker.go:36.16,38.4 1 0
fb_apu04/worker/xml_worker.go:41.2,41.38 1 0
fb_apu04/worker/xml_worker.go:41.38,44.3 2 0
fb_apu04/worker/xml_worker.go:48.40,49.15 1 0
fb_apu04/worker/xml_worker.go:49.15,50.31 1 0
fb_apu04/worker/xml_worker.go:50.31,54.4 3 0
fb_apu04/worker/xml_worker.go:56.2,57.6 2 0
fb_apu04/worker/xml_worker.go:57.6,60.3 2 0
fb_apu04/worker/xml_worker.go:64.52,66.16 2 0
fb_apu04/worker/xml_worker.go:66.16,69.3 2 0
fb_apu04/worker/xml_worker.go:70.2,86.26 6 0
fb_apu04/worker/xml_worker.go:86.26,88.3 1 0
fb_apu04/worker/xml_worker.go:89.2,89.16 1 0
fb_apu04/worker/xml_worker.go:89.16,92.3 2 0
fb_apu04/worker/xml_worker.go:95.2,96.16 2 0
fb_apu04/worker/xml_worker.go:96.16,99.3 2 0
fb_apu04/worker/xml_worker.go:101.2,101.36 1 0
fb_apu04/worker/xml_worker.go:101.36,104.3 2 0
fb_apu04/worker/xml_worker.go:106.2,111.16 4 0
fb_apu04/worker/xml_worker.go:111.16,115.3 3 0
fb_apu04/worker/xml_worker.go:118.2,118.79 1 0
fb_apu04/worker/xml_worker.go:124.67,126.16 2 0
fb_apu04/worker/xml_worker.go:126.16,128.3 1 0
fb_apu04/worker/xml_worker.go:132.2,137.27 5 0
fb_apu04/worker/xml_worker.go:137.27,138.37 1 0
fb_apu04/worker/xml_worker.go:138.37,139.12 1 0
fb_apu04/worker/xml_worker.go:141.3,142.57 2 0
fb_apu04/worker/xml_worker.go:142.57,143.12 1 0
fb_apu04/worker/xml_worker.go:146.3,147.42 2 0
fb_apu04/worker/xml_worker.go:147.42,149.4 1 0
fb_apu04/worker/xml_worker.go:151.3,152.17 2 0
fb_apu04/worker/xml_worker.go:152.17,154.4 1 0
fb_apu04/worker/xml_worker.go:155.3,157.17 3 0
fb_apu04/worker/xml_worker.go:157.17,159.4 1 0
fb_apu04/worker/xml_worker.go:160.3,160.41 1 0
fb_apu04/worker/xml_worker.go:160.41,162.4 1 0
fb_apu04/worker/xml_worker.go:164.3,164.80 1 0
fb_apu04/worker/xml_worker.go:167.2,167.22 1 0
fb_apu04/services/ai.go:65.30,67.18 2 0
fb_apu04/services/ai.go:67.18,69.3 1 0
fb_apu04/services/ai.go:70.2,76.3 1 0
fb_apu04/services/ai.go:82.106,83.14 1 0
fb_apu04/services/ai.go:83.14,85.3 1 0
fb_apu04/services/ai.go:86.2,86.17 1 0
fb_apu04/services/ai.go:86.17,88.3 1 0
fb_apu04/services/ai.go:89.2,89.20 1 0
fb_apu04/services/ai.go:89.20,91.3 1 0
fb_apu04/services/ai.go:92.2,95.15 4 0
fb_apu04/services/ai.go:95.15,95.44 1 0
fb_apu04/services/ai.go:97.2,98.18 2 0
fb_apu04/services/ai.go:98.18,100.3 1 0
fb_apu04/services/ai.go:101.2,104.16 3 0
fb_apu04/services/ai.go:104.16,106.69 2 0
fb_apu04/services/ai.go:106.69,110.4 3 0
fb_apu04/services/ai.go:110.9,110.45 1 0
fb_apu04/services/ai.go:110.45,115.4 3 0
fb_apu04/services/ai.go:117.2,117.18 1 0
fb_apu04/services/ai.go:123.103,124.14 1 0
fb_apu04/services/ai.go:124.14,126.3 1 0
fb_apu04/services/ai.go:127.2,127.17 1 0
fb_apu04/services/ai.go:127.17,129.3 1 0
fb_apu04/services/ai.go:130.2,130.20 1 0
fb_apu04/services/ai.go:130.20,132.3 1 0
fb_apu04/services/ai.go:134.2,137.15 4 0
fb_apu04/services/ai.go:137.15,137.44 1 0
fb_apu04/services/ai.go:139.2,140.18 2 0
fb_apu04/services/ai.go:140.18,142.3 1 0
fb_apu04/services/ai.go:143.2,147.16 3 0
fb_apu04/services/ai.go:147.16,149.74 1 0
fb_apu04/services/ai.go:149.74,153.4 3 0
fb_apu04/services/ai.go:155.2,155.18 1 0
fb_apu04/services/ai.go:160.99,161.14 1 0
fb_apu04/services/ai.go:161.14,163.3 1 0
fb_apu04/services/ai.go:164.2,164.17 1 0
fb_apu04/services/ai.go:164.17,166.3 1 0
fb_apu04/services/ai.go:167.2,167.20 1 0
fb_apu04/services/ai.go:167.20,169.3 1 0
fb_apu04/services/ai.go:172.2,175.18 2 0
fb_apu04/services/ai.go:175.18,177.3 1 0
fb_apu04/services/ai.go:179.2,186.44 3 0
fb_apu04/services/ai.go:186.44,188.17 2 0
fb_apu04/services/ai.go:188.17,190.4 1 0
fb_apu04/services/ai.go:191.3,194.74 2 0
fb_apu04/services/ai.go:194.74,198.12 4 0
fb_apu04/services/ai.go:201.3,201.18 1 0
fb_apu04/services/ai.go:201.18,204.4 2 0
fb_apu04/services/ai.go:206.2,206.71 1 0
fb_apu04/services/ai.go:209.72,211.16 2 0
fb_apu04/services/ai.go:211.16,213.3 1 0
fb_apu04/services/ai.go:215.2,216.16 2 0
fb_apu04/services/ai.go:216.16,218.3 1 0
fb_apu04/services/ai.go:219.2,223.16 4 0
fb_apu04/services/ai.go:223.16,225.3 1 0
fb_apu04/services/ai.go:226.2,229.16 3 0
fb_apu04/services/ai.go:229.16,231.3 1 0
fb_apu04/services/ai.go:233.2,233.38 1 0
fb_apu04/services/ai.go:233.38,235.3 1 0
fb_apu04/services/ai.go:237.2,238.60 2 0
fb_apu04/services/ai.go:238.60,240.3 1 0
fb_apu04/services/ai.go:242.2,242.27 1 0
fb_apu04/services/ai.go:242.27,244.3 1 0
fb_apu04/services/ai.go:246.2,246.32 1 0
fb_apu04/services/ai.go:246.32,248.3 1 0
fb_apu04/services/ai.go:251.2,252.16 2 0
fb_apu04/services/ai.go:252.16,254.3 1 0
fb_apu04/services/ai.go:255.2,255.16 1 0
fb_apu04/services/ai.go:255.16,257.3 1 0
fb_apu04/services/ai.go:261.2,268.8 2 0
fb_apu04/services/ai.go:274.75,276.16 2 0
fb_apu04/services/ai.go:276.16,278.3 1 0
fb_apu04/services/ai.go:280.2,281.16 2 0
fb_apu04/services/ai.go:281.16,283.3 1 0
fb_apu04/services/ai.go:284.2,288.16 4 0
fb_apu04/services/ai.go:288.16,290.3 1 0
fb_apu04/services/ai.go:291.2,294.16 3 0
fb_apu04/services/ai.go:294.16,296.3 1 0
fb_apu04/services/ai.go:298.2,298.38 1 0
fb_apu04/services/ai.go:298.38,300.3 1 0
fb_apu04/services/ai.go:302.2,303.60 2 0
fb_apu04/services/ai.go:303.60,305.3 1 0
fb_apu04/services/ai.go:307.2,307.27 1 0
fb_apu04/services/ai.go:307.27,309.3 1 0
fb_apu04/services/ai.go:311.2,311.32 1 0
fb_apu04/services/ai.go:311.32,313.3 1 0
fb_apu04/services/ai.go:315.2,325.9 4 0
fb_apu04/services/ai.go:326.43,327.17 1 0
fb_apu04/services/ai.go:328.45,329.19 1 0
fb_apu04/services/ai.go:330.40,331.17 1 0
fb_apu04/services/ai.go:332.42,333.19 1 0
fb_apu04/services/ai.go:334.21,335.17 1 0
fb_apu04/services/ai.go:336.23,337.19 1 0
fb_apu04/services/ai.go:338.10,339.52 1 0
fb_apu04/services/ai.go:342.2,347.8 1 0
fb_apu04/services/ai.go:354.48,365.29 4 0
fb_apu04/services/ai.go:365.29,367.46 2 0
fb_apu04/services/ai.go:367.46,370.4 2 0
fb_apu04/services/ai.go:374.2,374.25 1 0
fb_apu04/services/ai.go:374.25,376.36 2 0
fb_apu04/services/ai.go:376.36,377.42 1 0
fb_apu04/services/ai.go:377.42,379.5 1 0
fb_apu04/services/ai.go:382.3,382.30 1 0
fb_apu04/services/ai.go:382.30,384.4 1 0
fb_apu04/services/ai.go:389.2,391.29 3 0
fb_apu04/services/ai.go:391.29,393.40 2 0
fb_apu04/services/ai.go:393.40,398.34 4 0
fb_apu04/services/ai.go:398.34,399.58 1 0
fb_apu04/services/ai.go:399.58,401.6 1 0
fb_apu04/services/ai.go:403.4,403.56 1 0
fb_apu04/services/ai.go:403.56,405.5 1 0
fb_apu04/services/ai.go:408.2,408.21 1 0
fb_apu04/services/ai.go:408.21,410.3 1 0
fb_apu04/services/ai.go:412.2,412.13 1 0
fb_apu04/services/ai.go:418.49,421.29 3 0
fb_apu04/services/ai.go:421.29,426.39 2 0
fb_apu04/services/ai.go:426.39,427.133 1 0
fb_apu04/services/ai.go:427.133,428.10 1 0
fb_apu04/services/ai.go:433.3,435.29 3 0
fb_apu04/services/ai.go:435.29,436.16 1 0
fb_apu04/services/ai.go:436.16,438.5 1 0
fb_apu04/services/ai.go:438.10,439.10 1 0
fb_apu04/services/ai.go:442.3,442.32 1 0
fb_apu04/services/ai.go:442.32,444.4 1 0
fb_apu04/services/ai.go:446.3,446.39 1 0
fb_apu04/services/ai.go:446.39,448.4 1 0
fb_apu04/services/ai.go:450.3,451.23 2 0
fb_apu04/services/ai.go:453.2,453.39 1 0
fb_apu04/services/ai.go:457.50,460.31 3 0
fb_apu04/services/ai.go:460.31,461.51 1 0
fb_apu04/services/ai.go:461.51,463.4 1 0
fb_apu04/services/ai.go:465.2,465.14 1 0
fb_apu04/services/ai.go:469.39,471.2 1 0
fb_apu04/services/crypto.go:11.39,13.15 2 0
fb_apu04/services/crypto.go:13.15,15.3 1 0
fb_apu04/services/crypto.go:16.2,16.15 1 0
fb_apu04/services/crypto.go:16.15,18.3 1 0
fb_apu04/services/crypto.go:19.2,20.13 2 0
fb_apu04/services/crypto.go:26.54,29.16 3 0
fb_apu04/services/crypto.go:29.16,31.3 1 0
fb_apu04/services/crypto.go:32.2,33.16 2 0
fb_apu04/services/crypto.go:33.16,35.3 1 0
fb_apu04/services/crypto.go:36.2,37.16 2 0
fb_apu04/services/crypto.go:37.16,39.3 1 0
fb_apu04/services/crypto.go:40.2,41.27 2 0
fb_apu04/services/crypto.go:41.27,43.3 1 0
fb_apu04/services/crypto.go:44.2,46.16 3 0
fb_apu04/services/crypto.go:46.16,48.3 1 0
fb_apu04/services/crypto.go:49.2,49.26 1 0
fb_apu04/services/email.go:52.36,55.19 3 0
fb_apu04/services/email.go:55.19,56.50 1 0
fb_apu04/services/email.go:56.50,58.4 1 0
fb_apu04/services/email.go:61.2,62.16 2 0
fb_apu04/services/email.go:62.16,64.3 1 0
fb_apu04/services/email.go:66.2,70.16 4 0
fb_apu04/services/email.go:70.16,72.3 1 0
fb_apu04/services/email.go:74.2,80.3 1 0
fb_apu04/services/email.go:84.70,92.16 4 0
fb_apu04/services/email.go:92.16,94.3 1 0
fb_apu04/services/email.go:95.2,98.16 3 0
fb_apu04/services/email.go:98.16,100.3 1 0
fb_apu04/services/email.go:101.2,104.41 3 0
fb_apu04/services/email.go:104.41,106.3 1 0
fb_apu04/services/email.go:108.2,108.52 1 0
fb_apu04/services/email.go:108.52,110.3 1 0
fb_apu04/services/email.go:112.2,112.31 1 0
fb_apu04/services/email.go:112.31,113.47 1 0
fb_apu04/services/email.go:113.47,115.4 1 0
fb_apu04/services/email.go:118.2,119.16 2 0
fb_apu04/services/email.go:119.16,121.3 1 0
fb_apu04/services/email.go:123.2,124.16 2 0
fb_apu04/services/email.go:124.16,126.3 1 0
fb_apu04/services/email.go:128.2,128.23 1 0
fb_apu04/services/email.go:132.61,135.27 2 0
fb_apu04/services/email.go:135.27,138.3 2 0
fb_apu04/services/email.go:141.2,142.18 2 0
fb_apu04/services/email.go:142.18,144.3 1 0
fb_apu04/services/email.go:145.2,196.24 5 0
fb_apu04/services/email.go:196.24,198.3 1 0
fb_apu04/services/email.go:198.8,202.3 3 0
fb_apu04/services/email.go:204.2,204.16 1 0
fb_apu04/services/email.go:204.16,207.3 2 0
fb_apu04/services/email.go:209.2,210.12 2 0
fb_apu04/services/email.go:216.143,219.27 2 0
fb_apu04/services/email.go:219.27,222.3 2 0
fb_apu04/services/email.go:224.2,224.26 1 0
fb_apu04/services/email.go:224.26,227.3 2 0
fb_apu04/services/email.go:229.2,230.18 2 0
fb_apu04/services/email.go:230.18,232.3 1 0
fb_apu04/services/email.go:234.2,247.35 9 0
fb_apu04/services/email.go:247.35,327.25 9 0
fb_apu04/services/email.go:327.25,329.4 1 0
fb_apu04/services/email.go:329.9,333.4 3 0
fb_apu04/services/email.go:335.3,335.17 1 0
fb_apu04/services/email.go:335.17,338.4 2 0
fb_apu04/services/email.go:339.3,339.79 1 0
fb_apu04/services/email.go:342.2,342.12 1 0
fb_apu04/services/email.go:346.57,375.2 13 0
fb_apu04/services/email.go:379.54,384.29 3 0
fb_apu04/services/email.go:384.29,384.56 1 0
fb_apu04/services/email.go:385.2,385.29 1 0
fb_apu04/services/email.go:385.29,385.56 1 0
fb_apu04/services/email.go:386.2,386.26 1 0
fb_apu04/services/email.go:386.26,386.50 1 0
fb_apu04/services/email.go:387.2,387.17 1 0
fb_apu04/services/email.go:387.17,387.31 1 0
fb_apu04/services/email.go:388.2,388.32 1 0
fb_apu04/services/email.go:388.32,390.21 2 0
fb_apu04/services/email.go:390.21,390.33 1 0
fb_apu04/services/email.go:391.3,391.11 1 0
fb_apu04/services/email.go:394.2,406.25 6 0
fb_apu04/services/email.go:406.25,418.3 2 0
fb_apu04/services/email.go:419.2,420.20 2 0
fb_apu04/services/email.go:424.62,425.29 1 0
fb_apu04/services/email.go:425.29,427.3 1 0
fb_apu04/services/email.go:428.2,436.20 9 0
fb_apu04/services/email.go:440.79,441.59 1 0
fb_apu04/services/email.go:441.59,443.3 1 0
fb_apu04/services/email.go:444.2,446.30 3 0
fb_apu04/services/email.go:446.30,448.3 1 0
fb_apu04/services/email.go:449.2,449.34 1 0
fb_apu04/services/email.go:449.34,450.12 1 0
fb_apu04/services/email.go:450.12,452.4 1 0
fb_apu04/services/email.go:453.3,453.12 1 0
fb_apu04/services/email.go:453.12,455.4 1 0
fb_apu04/services/email.go:456.3,456.16 1 0
fb_apu04/services/email.go:458.2,466.39 6 0
fb_apu04/services/email.go:466.39,470.3 2 0
fb_apu04/services/email.go:471.2,472.20 2 0
fb_apu04/services/email.go:476.116,490.28 14 0
fb_apu04/services/email.go:490.28,494.3 3 0
fb_apu04/services/email.go:495.2,495.58 1 0
fb_apu04/services/email.go:495.58,499.3 3 0
fb_apu04/services/email.go:500.2,500.32 1 0
fb_apu04/services/email.go:500.32,505.3 4 0
fb_apu04/services/email.go:506.2,509.20 4 0
fb_apu04/services/email.go:513.77,514.33 1 0
fb_apu04/services/email.go:514.33,516.3 1 0
fb_apu04/services/email.go:517.2,550.20 18 0
fb_apu04/services/email.go:555.40,587.36 29 0
fb_apu04/services/email.go:587.36,590.16 3 0
fb_apu04/services/email.go:590.16,591.9 1 0
fb_apu04/services/email.go:593.3,593.49 1 0
fb_apu04/services/email.go:595.2,595.15 1 0
fb_apu04/services/email.go:598.52,607.29 7 0
fb_apu04/services/email.go:607.29,611.40 2 0
fb_apu04/services/email.go:611.40,613.19 2 0
fb_apu04/services/email.go:613.19,615.5 1 0
fb_apu04/services/email.go:615.10,617.5 1 0
fb_apu04/services/email.go:618.4,618.12 1 0
fb_apu04/services/email.go:621.3,621.18 1 0
fb_apu04/services/email.go:621.18,623.12 2 0
fb_apu04/services/email.go:627.3,627.73 1 0
fb_apu04/services/email.go:627.73,631.31 3 0
fb_apu04/services/email.go:631.31,633.46 2 0
fb_apu04/services/email.go:633.46,635.11 2 0
fb_apu04/services/email.go:639.4,639.16 1 0
fb_apu04/services/email.go:639.16,640.15 1 0
fb_apu04/services/email.go:640.15,643.6 2 0
fb_apu04/services/email.go:644.5,650.32 5 0
fb_apu04/services/email.go:650.32,653.6 2 0
fb_apu04/services/email.go:654.5,655.13 2 0
fb_apu04/services/email.go:658.4,658.19 1 0
fb_apu04/services/email.go:658.19,659.13 1 0
fb_apu04/services/email.go:663.4,665.31 3 0
fb_apu04/services/email.go:665.31,668.5 2 0
fb_apu04/services/email.go:669.4,670.12 2 0
fb_apu04/services/email.go:674.3,674.14 1 0
fb_apu04/services/email.go:674.14,677.4 2 0
fb_apu04/services/email.go:680.3,680.41 1 0
fb_apu04/services/email.go:680.41,681.14 1 0
fb_apu04/services/email.go:681.14,684.5 2 0
fb_apu04/services/email.go:685.4,687.12 3 0
fb_apu04/services/email.go:689.3,689.40 1 0
fb_apu04/services/email.go:689.40,690.14 1 0
fb_apu04/services/email.go:690.14,693.5 2 0
fb_apu04/services/email.go:694.4,696.12 3 0
fb_apu04/services/email.go:700.3,700.39 1 0
fb_apu04/services/email.go:700.39,701.15 1 0
fb_apu04/services/email.go:701.15,704.5 2 0
fb_apu04/services/email.go:705.4,707.12 3 0
fb_apu04/services/email.go:711.3,711.103 1 0
fb_apu04/services/email.go:711.103,713.32 2 0
fb_apu04/services/email.go:713.32,714.16 1 0
fb_apu04/services/email.go:714.16,717.6 2 0
fb_apu04/services/email.go:718.5,720.13 3 0
fb_apu04/services/email.go:725.3,725.30 1 0
fb_apu04/services/email.go:725.30,728.12 3 0
fb_apu04/services/email.go:732.3,735.20 2 0
fb_apu04/services/email.go:735.20,736.14 1 0
fb_apu04/services/email.go:736.14,739.5 2 0
fb_apu04/services/email.go:740.4,740.54 1 0
fb_apu04/services/email.go:744.3,744.23 1 0
fb_apu04/services/email.go:744.23,746.4 1 0
fb_apu04/services/email.go:749.2,749.13 1 0
fb_apu04/services/email.go:749.13,751.3 1 0
fb_apu04/services/email.go:752.2,752.12 1 0
fb_apu04/services/email.go:752.12,754.3 1 0
fb_apu04/services/email.go:756.2,756.24 1 0
fb_apu04/services/email.go:760.41,762.25 2 0
fb_apu04/services/email.go:762.25,763.27 1 0
fb_apu04/services/email.go:763.27,765.4 1 0
fb_apu04/services/email.go:767.2,767.22 1 0
fb_apu04/services/email.go:771.41,777.26 6 0
fb_apu04/services/email.go:777.26,779.3 1 0
fb_apu04/services/email.go:780.2,780.14 1 0
fb_apu04/services/email.go:784.42,785.35 1 0
fb_apu04/services/email.go:785.35,787.35 2 0
fb_apu04/services/email.go:787.35,789.4 1 0
fb_apu04/services/email.go:791.2,791.13 1 0
fb_apu04/services/email.go:795.62,797.32 2 0
fb_apu04/services/email.go:797.32,799.3 1 0
fb_apu04/services/email.go:800.2,800.32 1 0
fb_apu04/services/email.go:800.32,802.3 1 0
fb_apu04/services/email.go:803.2,804.26 2 0
fb_apu04/services/email.go:804.26,806.3 1 0
fb_apu04/services/email.go:807.2,807.17 1 0
fb_apu04/services/email.go:807.17,809.3 1 0
fb_apu04/services/email.go:811.2,821.42 8 0
fb_apu04/services/email.go:821.42,823.3 1 0
fb_apu04/services/email.go:824.2,824.43 1 0
fb_apu04/services/email.go:824.43,826.3 1 0
fb_apu04/services/email.go:827.2,827.43 1 0
fb_apu04/services/email.go:827.43,829.3 1 0
fb_apu04/services/email.go:830.2,830.39 1 0
fb_apu04/services/email.go:830.39,832.3 1 0
fb_apu04/services/email.go:834.2,868.20 25 0
fb_apu04/services/email.go:872.58,905.2 2 0
fb_apu04/services/email.go:908.43,909.16 1 0
fb_apu04/services/email.go:909.16,911.3 1 0
fb_apu04/services/email.go:912.2,913.14 2 0
fb_apu04/services/email.go:913.14,915.3 1 0
fb_apu04/services/email.go:916.2,921.38 5 0
fb_apu04/services/email.go:921.38,923.16 2 0
fb_apu04/services/email.go:923.16,925.4 1 0
fb_apu04/services/email.go:926.3,926.54 1 0
fb_apu04/services/email.go:928.2,929.14 2 0
fb_apu04/services/email.go:929.14,931.3 1 0
fb_apu04/services/email.go:932.2,932.15 1 0
fb_apu04/services/email.go:936.29,940.2 2 0
fb_apu04/services/rfb.go:38.32,40.19 2 0
fb_apu04/services/rfb.go:40.19,42.3 1 0
fb_apu04/services/rfb.go:44.2,45.20 2 0
fb_apu04/services/rfb.go:45.20,47.3 1 0
fb_apu04/services/rfb.go:49.2,50.22 2 0
fb_apu04/services/rfb.go:50.22,52.3 1 0
fb_apu04/services/rfb.go:54.2,60.3 1 0
fb_apu04/services/rfb.go:66.50,67.37 1 0
fb_apu04/services/rfb.go:67.37,69.3 1 0
fb_apu04/services/rfb.go:69.8,71.3 1 0
fb_apu04/services/rfb.go:75.77,82.16 5 0
fb_apu04/services/rfb.go:82.16,84.3 1 0
fb_apu04/services/rfb.go:85.2,89.16 4 0
fb_apu04/services/rfb.go:89.16,91.3 1 0
fb_apu04/services/rfb.go:92.2,96.38 3 0
fb_apu04/services/rfb.go:96.38,99.3 2 0
fb_apu04/services/rfb.go:101.2,102.57 2 0
fb_apu04/services/rfb.go:102.57,104.3 1 0
fb_apu04/services/rfb.go:106.2,106.33 1 0
fb_apu04/services/rfb.go:106.33,108.3 1 0
fb_apu04/services/rfb.go:110.2,112.17 1 0
fb_apu04/services/rfb.go:112.17,114.19 2 0
fb_apu04/services/rfb.go:114.19,116.5 1 0
fb_apu04/services/rfb.go:117.4,117.12 1 0
fb_apu04/services/rfb.go:120.2,120.35 1 0
fb_apu04/services/rfb.go:126.79,136.16 6 0
fb_apu04/services/rfb.go:136.16,138.3 1 0
fb_apu04/services/rfb.go:139.2,143.16 4 0
fb_apu04/services/rfb.go:143.16,145.3 1 0
fb_apu04/services/rfb.go:146.2,152.60 5 0
fb_apu04/services/rfb.go:152.60,154.3 1 0
fb_apu04/services/rfb.go:156.2,156.43 1 0
fb_apu04/services/rfb.go:156.43,158.19 2 0
fb_apu04/services/rfb.go:158.19,160.4 1 0
fb_apu04/services/rfb.go:161.3,161.114 1 0
fb_apu04/services/rfb.go:164.2,164.32 1 0
fb_apu04/services/rfb.go:164.32,166.3 1 0
fb_apu04/services/rfb.go:168.2,169.34 2 0
fb_apu04/services/rfb.go:174.76,179.16 4 0
fb_apu04/services/rfb.go:179.16,181.3 1 0
fb_apu04/services/rfb.go:182.2,186.16 4 0
fb_apu04/services/rfb.go:186.16,188.3 1 0
fb_apu04/services/rfb.go:189.2,192.16 3 0
fb_apu04/services/rfb.go:192.16,194.3 1 0
fb_apu04/services/rfb.go:196.2,196.38 1 0
fb_apu04/services/rfb.go:196.38,202.18 1 0
fb_apu04/services/rfb.go:202.18,203.24 1 0
fb_apu04/services/rfb.go:203.24,205.6 1 0
fb_apu04/services/rfb.go:206.5,206.17 1 0
fb_apu04/services/rfb.go:209.3,209.26 1 0
fb_apu04/services/rfb.go:210.32,211.103 1 0
fb_apu04/services/rfb.go:212.29,213.121 1 0
fb_apu04/services/rfb.go:214.28,215.106 1 0
fb_apu04/services/rfb.go:216.11,217.75 1 0
fb_apu04/services/rfb.go:221.2,222.18 2 0
fb_apu04/services/rfb_processor.go:21.56,25.2 3 0
fb_apu04/services/rfb_processor.go:32.53,34.28 2 0
fb_apu04/services/rfb_processor.go:34.28,37.3 2 0
fb_apu04/services/rfb_processor.go:38.2,42.4 1 0
fb_apu04/services/rfb_processor.go:42.4,43.50 1 0
fb_apu04/services/rfb_processor.go:43.50,46.4 2 0
fb_apu04/services/rfb_processor.go:49.2,51.12 3 0
fb_apu04/services/rfb_processor.go:87.85,98.16 5 0
fb_apu04/services/rfb_processor.go:98.16,100.3 1 0
fb_apu04/services/rfb_processor.go:102.2,107.16 3 0
fb_apu04/services/rfb_processor.go:107.16,110.3 2 0
fb_apu04/services/rfb_processor.go:111.2,117.54 4 0
fb_apu04/services/rfb_processor.go:117.54,120.3 2 0
fb_apu04/services/rfb_processor.go:120.8,122.3 1 0
fb_apu04/services/rfb_processor.go:126.2,130.16 2 0
fb_apu04/services/rfb_processor.go:130.16,132.3 1 0
fb_apu04/services/rfb_processor.go:133.2,133.46 1 0
fb_apu04/services/rfb_processor.go:133.46,136.3 2 0
fb_apu04/services/rfb_processor.go:139.2,140.16 2 0
fb_apu04/services/rfb_processor.go:140.16,143.3 2 0
fb_apu04/services/rfb_processor.go:146.2,147.16 2 0
fb_apu04/services/rfb_processor.go:147.16,150.3 2 0
fb_apu04/services/rfb_processor.go:154.2,159.20 3 0
fb_apu04/services/rfb_processor.go:159.20,162.3 1 0
fb_apu04/services/rfb_processor.go:162.8,164.3 1 0
fb_apu04/services/rfb_processor.go:167.2,168.59 2 0
fb_apu04/services/rfb_processor.go:168.59,171.3 2 0
fb_apu04/services/rfb_processor.go:175.2,176.16 2 0
fb_apu04/services/rfb_processor.go:176.16,179.3 2 0
fb_apu04/services/rfb_processor.go:181.2,185.38 4 0
fb_apu04/services/rfb_processor.go:185.38,186.55 1 0
fb_apu04/services/rfb_processor.go:186.55,187.80 1 0
fb_apu04/services/rfb_processor.go:187.80,190.5 2 0
fb_apu04/services/rfb_processor.go:190.10,195.51 5 0
fb_apu04/services/rfb_processor.go:195.51,197.6 1 0
fb_apu04/services/rfb_processor.go:202.2,202.36 1 0
fb_apu04/services/rfb_processor.go:202.36,203.53 1 0
fb_apu04/services/rfb_processor.go:203.53,204.78 1 0
fb_apu04/services/rfb_processor.go:204.78,207.5 2 0
fb_apu04/services/rfb_processor.go:207.10,212.5 4 0
fb_apu04/services/rfb_processor.go:216.2,216.42 1 0
fb_apu04/services/rfb_processor.go:216.42,217.59 1 0
fb_apu04/services/rfb_processor.go:217.59,218.84 1 0
fb_apu04/services/rfb_processor.go:218.84,221.5 2 0
fb_apu04/services/rfb_processor.go:221.10,226.5 4 0
fb_apu04/services/rfb_processor.go:230.2,245.16 3 0
fb_apu04/services/rfb_processor.go:245.16,249.3 3 0
fb_apu04/services/rfb_processor.go:251.2,251.36 1 0
fb_apu04/services/rfb_processor.go:251.36,254.3 2 0
fb_apu04/services/rfb_processor.go:257.2,258.22 2 0
fb_apu04/services/rfb_processor.go:258.22,260.3 1 0
fb_apu04/services/rfb_processor.go:261.2,265.12 3 0
fb_apu04/services/rfb_processor.go:268.98,270.69 2 0
fb_apu04/services/rfb_processor.go:270.69,272.3 1 0
fb_apu04/services/rfb_processor.go:273.2,274.55 2 0
fb_apu04/services/rfb_processor.go:274.55,276.3 1 0
fb_apu04/services/rfb_processor.go:278.2,279.29 2 0
fb_apu04/services/rfb_processor.go:279.29,281.3 1 0
fb_apu04/services/rfb_processor.go:283.2,295.12 2 0
fb_apu04/services/rfb_processor.go:301.61,309.16 5 0
fb_apu04/services/rfb_processor.go:309.16,311.3 1 0
fb_apu04/services/rfb_processor.go:312.2,312.38 1 0
fb_apu04/services/rfb_processor.go:312.38,314.3 1 0
fb_apu04/services/rfb_processor.go:316.2,323.16 3 0
fb_apu04/services/rfb_processor.go:323.16,325.3 1 0
fb_apu04/services/rfb_processor.go:326.2,326.46 1 0
fb_apu04/services/rfb_processor.go:326.46,329.3 2 0
fb_apu04/services/rfb_processor.go:333.2,334.68 2 0
fb_apu04/services/rfb_processor.go:334.68,337.3 2 0
fb_apu04/services/rfb_processor.go:341.2,342.16 2 0
fb_apu04/services/rfb_processor.go:342.16,345.3 2 0
fb_apu04/services/rfb_processor.go:347.2,347.94 1 0
fb_apu04/services/rfb_processor.go:347.94,351.3 3 0
fb_apu04/services/rfb_processor.go:353.2,357.38 4 0
fb_apu04/services/rfb_processor.go:357.38,358.55 1 0
fb_apu04/services/rfb_processor.go:358.55,359.80 1 0
fb_apu04/services/rfb_processor.go:359.80,362.5 2 0
fb_apu04/services/rfb_processor.go:362.10,367.51 5 0
fb_apu04/services/rfb_processor.go:367.51,369.6 1 0
fb_apu04/services/rfb_processor.go:374.2,374.36 1 0
fb_apu04/services/rfb_processor.go:374.36,375.53 1 0
fb_apu04/services/rfb_processor.go:375.53,376.78 1 0
fb_apu04/services/rfb_processor.go:376.78,379.5 2 0
fb_apu04/services/rfb_processor.go:379.10,384.5 4 0
fb_apu04/services/rfb_processor.go:388.2,388.42 1 0
fb_apu04/services/rfb_processor.go:388.42,389.59 1 0
fb_apu04/services/rfb_processor.go:389.59,390.84 1 0
fb_apu04/services/rfb_processor.go:390.84,393.5 2 0
fb_apu04/services/rfb_processor.go:393.10,398.5 4 0
fb_apu04/services/rfb_processor.go:402.2,416.16 3 0
fb_apu04/services/rfb_processor.go:416.16,420.3 3 0
fb_apu04/services/rfb_processor.go:422.2,422.36 1 0
fb_apu04/services/rfb_processor.go:422.36,425.3 2 0
fb_apu04/services/rfb_processor.go:427.2,428.22 2 0
fb_apu04/services/rfb_processor.go:428.22,430.3 1 0
fb_apu04/services/rfb_processor.go:431.2,433.12 2 0
fb_apu04/services/rfb_processor.go:436.64,440.16 2 0
fb_apu04/services/rfb_processor.go:440.16,442.3 1 0
fb_apu04/services/rfb_processor.go:445.70,450.16 2 0
fb_apu04/services/rfb_processor.go:450.16,452.3 1 0
fb_apu04/services/text_to_sql.go:174.51,176.2 1 0
fb_apu04/services/text_to_sql.go:184.52,186.89 1 0
fb_apu04/services/text_to_sql.go:186.89,188.20 2 0
fb_apu04/services/text_to_sql.go:188.20,189.43 1 0
fb_apu04/services/text_to_sql.go:189.43,191.5 1 0
fb_apu04/services/text_to_sql.go:196.2,197.16 2 0
fb_apu04/services/text_to_sql.go:197.16,201.56 2 0
fb_apu04/services/text_to_sql.go:201.56,203.4 1 0
fb_apu04/services/text_to_sql.go:205.3,205.57 1 0
fb_apu04/services/text_to_sql.go:205.57,208.22 3 0
fb_apu04/services/text_to_sql.go:208.22,210.5 1 0
fb_apu04/services/text_to_sql.go:211.4,211.38 1 0
fb_apu04/services/text_to_sql.go:211.38,213.5 1 0
fb_apu04/services/text_to_sql.go:216.3,216.49 1 0
fb_apu04/services/text_to_sql.go:216.49,218.4 1 0
fb_apu04/services/text_to_sql.go:221.2,221.100 1 0
fb_apu04/services/text_to_sql.go:226.34,230.29 4 0
fb_apu04/services/text_to_sql.go:230.29,233.15 2 0
fb_apu04/services/text_to_sql.go:233.15,235.38 1 0
fb_apu04/services/text_to_sql.go:235.38,236.13 1 0
fb_apu04/services/text_to_sql.go:238.4,238.18 1 0
fb_apu04/services/text_to_sql.go:240.3,240.28 1 0
fb_apu04/services/text_to_sql.go:242.2,242.52 1 0
fb_apu04/services/text_to_sql.go:245.46,246.34 1 0
fb_apu04/services/text_to_sql.go:246.34,248.3 1 0
fb_apu04/services/text_to_sql.go:249.2,249.17 1 0
fb_apu04/tools/debug_gilson.go:25.13,28.16 3 0
fb_apu04/tools/debug_gilson.go:28.16,30.3 1 0
fb_apu04/tools/debug_gilson.go:31.2,35.16 3 0
fb_apu04/tools/debug_gilson.go:35.16,37.3 1 0
fb_apu04/tools/debug_gilson.go:38.2,42.18 4 0
fb_apu04/tools/debug_gilson.go:42.18,44.74 2 0
fb_apu04/tools/debug_gilson.go:44.74,46.4 1 0
fb_apu04/tools/debug_gilson.go:47.3,48.18 2 0
fb_apu04/tools/debug_gilson.go:52.2,54.16 3 0
fb_apu04/tools/debug_gilson.go:54.16,56.3 1 0
fb_apu04/tools/debug_gilson.go:57.2,59.19 2 0
fb_apu04/tools/debug_gilson.go:59.19,61.73 2 0
fb_apu04/tools/debug_gilson.go:61.73,63.4 1 0
fb_apu04/tools/debug_gilson.go:64.3,64.34 1 0
fb_apu04/tools/debug_gilson.go:68.2,68.20 1 0
fb_apu04/tools/debug_gilson.go:68.20,76.17 3 0
fb_apu04/tools/debug_gilson.go:76.17,78.4 1 0
fb_apu04/tools/debug_gilson.go:79.3,80.20 2 0
fb_apu04/tools/debug_gilson.go:80.20,84.4 3 0
fb_apu04/handlers/admin.go:19.33,21.2 1 1
fb_apu04/handlers/admin.go:33.59,34.54 1 1
fb_apu04/handlers/admin.go:34.54,37.36 2 1
fb_apu04/handlers/admin.go:37.36,40.4 2 1
fb_apu04/handlers/admin.go:43.3,44.92 2 1
fb_apu04/handlers/admin.go:44.92,47.4 2 1
fb_apu04/handlers/admin.go:49.3,49.26 1 1
fb_apu04/handlers/admin.go:49.26,52.4 2 1
fb_apu04/handlers/admin.go:54.3,55.10 2 1
fb_apu04/handlers/admin.go:55.10,58.4 2 1
fb_apu04/handlers/admin.go:59.3,65.44 5 0
fb_apu04/handlers/admin.go:65.44,74.4 3 0
fb_apu04/handlers/admin.go:77.3,77.27 1 0
fb_apu04/handlers/admin.go:77.27,80.4 2 0
fb_apu04/handlers/admin.go:81.3,81.32 1 0
fb_apu04/handlers/admin.go:81.32,82.31 1 0
fb_apu04/handlers/admin.go:82.31,85.5 2 0
fb_apu04/handlers/admin.go:89.3,91.32 3 0
fb_apu04/handlers/admin.go:91.32,94.4 2 0
fb_apu04/handlers/admin.go:97.3,97.22 1 0
fb_apu04/handlers/admin.go:97.22,106.29 3 0
fb_apu04/handlers/admin.go:106.29,114.5 3 0
fb_apu04/handlers/admin.go:118.3,118.32 1 0
fb_apu04/handlers/admin.go:118.32,119.19 1 0
fb_apu04/handlers/admin.go:119.19,123.19 2 0
fb_apu04/handlers/admin.go:123.19,124.22 1 0
fb_apu04/handlers/admin.go:124.22,126.50 2 0
fb_apu04/handlers/admin.go:126.50,128.88 2 0
fb_apu04/handlers/admin.go:128.88,130.9 1 0
fb_apu04/handlers/admin.go:133.6,133.18 1 0
fb_apu04/handlers/admin.go:135.5,135.10 1 0
fb_apu04/handlers/admin.go:140.3,142.26 3 0
fb_apu04/handlers/admin.go:142.26,144.27 2 0
fb_apu04/handlers/admin.go:144.27,146.5 1 0
fb_apu04/handlers/admin.go:147.4,148.85 2 0
fb_apu04/handlers/admin.go:148.85,150.5 1 0
fb_apu04/handlers/admin.go:152.4,155.45 2 0
fb_apu04/handlers/admin.go:155.45,157.5 1 0
fb_apu04/handlers/admin.go:161.3,162.17 2 0
fb_apu04/handlers/admin.go:162.17,165.4 2 0
fb_apu04/handlers/admin.go:166.3,169.26 3 0
fb_apu04/handlers/admin.go:169.26,171.27 2 0
fb_apu04/handlers/admin.go:171.27,173.5 1 0
fb_apu04/handlers/admin.go:174.4,175.18 2 0
fb_apu04/handlers/admin.go:175.18,184.5 3 0
fb_apu04/handlers/admin.go:185.4,186.33 2 0
fb_apu04/handlers/admin.go:189.3,189.37 1 0
fb_apu04/handlers/admin.go:189.37,192.4 2 0
fb_apu04/handlers/admin.go:195.3,213.5 4 0
fb_apu04/handlers/admin.go:218.55,219.54 1 1
fb_apu04/handlers/admin.go:219.54,220.34 1 1
fb_apu04/handlers/admin.go:220.34,223.4 2 1
fb_apu04/handlers/admin.go:226.3,227.10 2 0
fb_apu04/handlers/admin.go:227.10,230.4 2 0
fb_apu04/handlers/admin.go:231.3,240.17 5 0
fb_apu04/handlers/admin.go:240.17,243.18 3 0
fb_apu04/handlers/admin.go:243.18,247.5 3 0
fb_apu04/handlers/admin.go:251.3,252.17 2 0
fb_apu04/handlers/admin.go:252.17,255.18 3 0
fb_apu04/handlers/admin.go:255.18,259.5 3 0
fb_apu04/handlers/admin.go:263.3,264.17 2 0
fb_apu04/handlers/admin.go:264.17,267.18 3 0
fb_apu04/handlers/admin.go:267.18,271.5 3 0
fb_apu04/handlers/admin.go:274.3,281.5 4 0
fb_apu04/handlers/admin.go:287.56,288.54 1 1
fb_apu04/handlers/admin.go:288.54,291.36 2 1
fb_apu04/handlers/admin.go:291.36,294.4 2 1
fb_apu04/handlers/admin.go:297.3,298.10 2 0
fb_apu04/handlers/admin.go:298.10,301.4 2 0
fb_apu04/handlers/admin.go:302.3,308.67 5 0
fb_apu04/handlers/admin.go:308.67,319.4 2 0
fb_apu04/handlers/admin.go:324.3,324.22 1 0
fb_apu04/handlers/admin.go:324.22,328.4 2 0
fb_apu04/handlers/admin.go:331.3,334.93 2 0
fb_apu04/handlers/admin.go:334.93,338.4 2 0
fb_apu04/handlers/admin.go:339.3,339.45 1 0
fb_apu04/handlers/admin.go:339.45,343.4 2 0
fb_apu04/handlers/admin.go:346.3,346.40 1 0
fb_apu04/handlers/admin.go:346.40,359.4 3 0
fb_apu04/handlers/admin.go:363.3,364.15 2 0
fb_apu04/handlers/admin.go:364.15,371.4 3 0
fb_apu04/handlers/admin.go:374.3,379.17 3 0
fb_apu04/handlers/admin.go:379.17,394.4 3 0
fb_apu04/handlers/admin.go:397.3,400.17 3 0
fb_apu04/handlers/admin.go:400.17,415.4 3 0
fb_apu04/handlers/admin.go:416.3,429.33 3 0
fb_apu04/handlers/admin.go:429.33,430.39 1 0
fb_apu04/handlers/admin.go:430.39,445.5 3 0
fb_apu04/handlers/admin.go:448.3,448.37 1 0
fb_apu04/handlers/admin.go:448.37,463.4 3 0
fb_apu04/handlers/admin.go:466.3,490.5 5 0
fb_apu04/handlers/admin.go:495.39,496.108 1 0
fb_apu04/handlers/admin.go:496.108,497.71 1 0
fb_apu04/handlers/admin.go:497.71,499.4 1 0
fb_apu04/handlers/admin.go:499.9,501.4 1 0
fb_apu04/handlers/admin.go:518.53,519.54 1 1
fb_apu04/handlers/admin.go:519.54,521.62 2 1
fb_apu04/handlers/admin.go:521.62,524.4 2 1
fb_apu04/handlers/admin.go:526.3,526.66 1 1
fb_apu04/handlers/admin.go:526.66,529.4 2 1
fb_apu04/handlers/admin.go:532.3,533.17 2 0
fb_apu04/handlers/admin.go:533.17,536.4 2 0
fb_apu04/handlers/admin.go:539.3,539.21 1 0
fb_apu04/handlers/admin.go:539.21,541.4 1 0
fb_apu04/handlers/admin.go:544.3,552.17 4 0
fb_apu04/handlers/admin.go:552.17,556.4 3 0
fb_apu04/handlers/admin.go:558.3,558.30 1 0
fb_apu04/handlers/admin.go:558.30,561.18 2 0
fb_apu04/handlers/admin.go:561.18,563.5 1 0
fb_apu04/handlers/admin.go:566.4,566.27 1 0
fb_apu04/handlers/admin.go:566.27,568.19 2 0
fb_apu04/handlers/admin.go:568.19,570.6 1 0
fb_apu04/handlers/admin.go:572.9,576.18 3 0
fb_apu04/handlers/admin.go:576.18,580.22 4 0
fb_apu04/handlers/admin.go:580.22,582.6 1 0
fb_apu04/handlers/admin.go:586.3,587.101 2 0
fb_apu04/handlers/admin.go:609.52,610.54 1 0
fb_apu04/handlers/admin.go:610.54,624.17 2 0
fb_apu04/handlers/admin.go:624.17,628.4 3 0
fb_apu04/handlers/admin.go:629.3,632.19 3 0
fb_apu04/handlers/admin.go:632.19,637.47 2 0
fb_apu04/handlers/admin.go:637.47,639.13 2 0
fb_apu04/handlers/admin.go:641.4,641.28 1 0
fb_apu04/handlers/admin.go:644.3,644.19 1 0
fb_apu04/handlers/admin.go:644.19,646.4 1 0
fb_apu04/handlers/admin.go:648.3,649.35 2 0
fb_apu04/handlers/admin.go:661.54,662.54 1 1
fb_apu04/handlers/admin.go:662.54,664.43 2 1
fb_apu04/handlers/admin.go:664.43,667.4 2 1
fb_apu04/handlers/admin.go:669.3,670.62 2 1
fb_apu04/handlers/admin.go:670.62,673.4 2 1
fb_apu04/handlers/admin.go:676.3,676.21 1 1
fb_apu04/handlers/admin.go:676.21,678.18 2 1
fb_apu04/handlers/admin.go:678.18,681.5 2 0
fb_apu04/handlers/admin.go:684.3,684.21 1 0
fb_apu04/handlers/admin.go:684.21,688.18 3 0
fb_apu04/handlers/admin.go:688.18,691.5 2 0
fb_apu04/handlers/admin.go:692.9,692.32 1 0
fb_apu04/handlers/admin.go:692.32,696.18 3 0
fb_apu04/handlers/admin.go:696.18,699.5 2 0
fb_apu04/handlers/admin.go:702.4,702.37 1 0
fb_apu04/handlers/admin.go:702.37,704.5 1 0
fb_apu04/handlers/admin.go:705.4,708.18 3 0
fb_apu04/handlers/admin.go:708.18,711.5 2 0
fb_apu04/handlers/admin.go:714.3,715.87 2 0
fb_apu04/handlers/admin.go:728.55,729.54 1 1
fb_apu04/handlers/admin.go:729.54,730.34 1 1
fb_apu04/handlers/admin.go:730.34,733.4 2 1
fb_apu04/handlers/admin.go:735.3,736.62 2 1
fb_apu04/handlers/admin.go:736.62,739.4 2 1
fb_apu04/handlers/admin.go:741.3,741.50 1 1
fb_apu04/handlers/admin.go:741.50,744.4 2 1
fb_apu04/handlers/admin.go:746.3,747.17 2 0
fb_apu04/handlers/admin.go:747.17,750.4 2 0
fb_apu04/handlers/admin.go:751.3,758.17 3 0
fb_apu04/handlers/admin.go:758.17,760.4 1 0
fb_apu04/handlers/admin.go:763.3,764.17 2 0
fb_apu04/handlers/admin.go:764.17,768.4 3 0
fb_apu04/handlers/admin.go:771.3,771.26 1 0
fb_apu04/handlers/admin.go:771.26,776.4 1 0
fb_apu04/handlers/admin.go:776.9,778.4 1 0
fb_apu04/handlers/admin.go:779.3,779.17 1 0
fb_apu04/handlers/admin.go:779.17,783.4 3 0
fb_apu04/handlers/admin.go:785.3,785.37 1 0
fb_apu04/handlers/admin.go:785.37,788.4 2 0
fb_apu04/handlers/admin.go:790.3,793.90 3 0
fb_apu04/handlers/admin.go:798.53,799.54 1 1
fb_apu04/handlers/admin.go:799.54,801.43 2 1
fb_apu04/handlers/admin.go:801.43,804.4 2 1
fb_apu04/handlers/admin.go:806.3,807.17 2 0
fb_apu04/handlers/admin.go:807.17,810.4 2 0
fb_apu04/handlers/admin.go:812.3,813.87 2 0
fb_apu04/handlers/admin_reset_helpers.go:70.41,71.39 1 1
fb_apu04/handlers/admin_reset_helpers.go:71.39,72.13 1 1
fb_apu04/handlers/admin_reset_helpers.go:72.13,74.4 1 1
fb_apu04/handlers/admin_reset_helpers.go:76.2,76.14 1 1
fb_apu04/handlers/admin_reset_helpers.go:81.25,82.47 1 1
fb_apu04/handlers/admin_reset_helpers.go:82.47,84.3 1 0
fb_apu04/handlers/admin_reset_helpers.go:85.2,85.20 1 1
fb_apu04/handlers/admin_reset_helpers.go:89.71,93.2 3 0
fb_apu04/handlers/admin_reset_helpers.go:97.76,99.16 2 0
fb_apu04/handlers/admin_reset_helpers.go:99.16,101.3 1 0
fb_apu04/handlers/admin_reset_helpers.go:102.2,103.15 2 0
fb_apu04/handlers/admin_reset_helpers.go:103.15,105.3 1 0
fb_apu04/handlers/admin_reset_helpers.go:106.2,107.23 2 0
fb_apu04/handlers/admin_reset_helpers.go:107.23,109.3 1 0
fb_apu04/handlers/admin_reset_helpers.go:110.2,110.26 1 0
fb_apu04/handlers/admin_reset_helpers.go:110.26,111.18 1 0
fb_apu04/handlers/admin_reset_helpers.go:111.18,113.4 1 0
fb_apu04/handlers/admin_reset_helpers.go:115.2,115.29 1 0
fb_apu04/handlers/admin_reset_helpers.go:119.93,121.27 2 1
fb_apu04/handlers/admin_reset_helpers.go:121.27,124.85 2 0
fb_apu04/handlers/admin_reset_helpers.go:124.85,127.12 2 0
fb_apu04/handlers/admin_reset_helpers.go:129.3,129.16 1 0
fb_apu04/handlers/admin_reset_helpers.go:131.2,131.20 1 1
fb_apu04/handlers/admin_reset_helpers.go:136.76,138.15 2 1
fb_apu04/handlers/admin_reset_helpers.go:138.15,140.3 1 1
fb_apu04/handlers/admin_reset_helpers.go:141.2,142.16 2 1
fb_apu04/handlers/admin_reset_helpers.go:142.16,144.3 1 1
fb_apu04/handlers/admin_reset_helpers.go:145.2,147.16 3 1
fb_apu04/handlers/admin_reset_helpers.go:147.16,149.3 1 1
fb_apu04/handlers/admin_reset_helpers.go:150.2,153.18 4 1
fb_apu04/handlers/admin_reset_helpers.go:153.18,155.3 1 1
fb_apu04/handlers/admin_reset_helpers.go:157.2,158.48 2 1
fb_apu04/handlers/admin_reset_helpers.go:158.48,160.3 1 0
fb_apu04/handlers/admin_reset_helpers.go:161.2,172.27 4 1
fb_apu04/handlers/admin_reset_helpers.go:172.27,174.3 1 1
fb_apu04/handlers/admin_reset_helpers.go:176.2,181.34 5 1
fb_apu04/handlers/admin_reset_helpers.go:181.34,185.3 2 1
fb_apu04/handlers/admin_reset_helpers.go:187.2,188.16 2 0
fb_apu04/handlers/admin_reset_helpers.go:188.16,190.3 1 0
fb_apu04/handlers/admin_reset_helpers.go:191.2,191.20 1 0
fb_apu04/handlers/admin_reset_helpers.go:191.20,194.3 2 0
fb_apu04/handlers/admin_reset_helpers.go:195.2,195.21 1 0
fb_apu04/handlers/admin_reset_helpers.go:214.69,217.50 3 0
fb_apu04/handlers/admin_reset_helpers.go:217.50,219.3 1 0
fb_apu04/handlers/admin_reset_helpers.go:220.2,226.16 2 0
fb_apu04/handlers/admin_reset_helpers.go:226.16,228.3 1 0
fb_apu04/handlers/admin_reset_helpers.go:232.40,233.18 1 1
fb_apu04/handlers/admin_reset_helpers.go:233.18,235.3 1 1
fb_apu04/handlers/admin_reset_helpers.go:236.2,237.23 2 1
fb_apu04/handlers/admin_reset_helpers.go:237.23,242.3 3 1
fb_apu04/handlers/admin_reset_helpers.go:243.2,243.46 1 1
fb_apu04/handlers/admin_reset_helpers.go:247.57,248.42 1 1
fb_apu04/handlers/admin_reset_helpers.go:248.42,250.3 1 1
fb_apu04/handlers/admin_reset_helpers.go:251.2,253.14 3 0
fb_apu04/handlers/ai_query.go:29.47,30.37 1 1
fb_apu04/handlers/ai_query.go:30.37,31.29 1 1
fb_apu04/handlers/ai_query.go:31.29,33.4 1 1
fb_apu04/handlers/ai_query.go:35.2,35.12 1 1
fb_apu04/handlers/ai_query.go:55.89,59.26 4 1
fb_apu04/handlers/ai_query.go:59.26,60.23 1 1
fb_apu04/handlers/ai_query.go:60.23,62.4 1 1
fb_apu04/handlers/ai_query.go:64.2,64.32 1 1
fb_apu04/handlers/ai_query.go:69.50,70.54 1 1
fb_apu04/handlers/ai_query.go:70.54,73.34 2 1
fb_apu04/handlers/ai_query.go:73.34,76.4 2 1
fb_apu04/handlers/ai_query.go:78.3,79.10 2 1
fb_apu04/handlers/ai_query.go:79.10,82.4 2 1
fb_apu04/handlers/ai_query.go:83.3,86.17 3 1
fb_apu04/handlers/ai_query.go:86.17,89.4 2 0
fb_apu04/handlers/ai_query.go:91.3,92.103 2 0
fb_apu04/handlers/ai_query.go:92.103,95.4 2 0
fb_apu04/handlers/ai_query.go:97.3,98.30 2 0
fb_apu04/handlers/ai_query.go:98.30,101.4 2 0
fb_apu04/handlers/ai_query.go:104.3,106.17 3 0
fb_apu04/handlers/ai_query.go:106.17,109.4 2 0
fb_apu04/handlers/ai_query.go:112.3,113.17 2 0
fb_apu04/handlers/ai_query.go:113.17,119.4 3 0
fb_apu04/handlers/ai_query.go:122.3,122.59 1 0
fb_apu04/handlers/ai_query.go:122.59,126.4 3 0
fb_apu04/handlers/ai_query.go:130.3,133.46 2 0
fb_apu04/handlers/ai_query.go:133.46,139.4 2 0
fb_apu04/handlers/ai_query.go:142.3,142.60 1 0
fb_apu04/handlers/ai_query.go:142.60,144.4 1 0
fb_apu04/handlers/ai_query.go:147.3,148.17 2 0
fb_apu04/handlers/ai_query.go:148.17,152.4 3 0
fb_apu04/handlers/ai_query.go:153.3,158.19 4 0
fb_apu04/handlers/ai_query.go:158.19,161.24 3 0
fb_apu04/handlers/ai_query.go:161.24,163.5 1 0
fb_apu04/handlers/ai_query.go:164.4,164.45 1 0
fb_apu04/handlers/ai_query.go:164.45,165.13 1 0
fb_apu04/handlers/ai_query.go:167.4,168.29 2 0
fb_apu04/handlers/ai_query.go:168.29,171.38 1 0
fb_apu04/handlers/ai_query.go:171.38,173.6 1 0
fb_apu04/handlers/ai_query.go:173.11,175.6 1 0
fb_apu04/handlers/ai_query.go:177.4,177.40 1 0
fb_apu04/handlers/ai_query.go:180.3,180.24 1 0
fb_apu04/handlers/ai_query.go:180.24,182.4 1 0
fb_apu04/handlers/ai_query.go:184.3,191.5 1 0
fb_apu04/handlers/ai_reports.go:89.79,90.23 1 1
fb_apu04/handlers/ai_reports.go:90.23,92.3 1 1
fb_apu04/handlers/ai_reports.go:93.2,95.28 3 1
fb_apu04/handlers/ai_reports.go:95.28,98.3 2 1
fb_apu04/handlers/ai_reports.go:99.2,99.79 1 1
fb_apu04/handlers/ai_reports.go:104.106,112.40 3 0
fb_apu04/handlers/ai_reports.go:112.40,114.3 1 0
fb_apu04/handlers/ai_reports.go:117.2,129.16 4 0
fb_apu04/handlers/ai_reports.go:129.16,131.3 1 0
fb_apu04/handlers/ai_reports.go:132.2,134.18 2 0
fb_apu04/handlers/ai_reports.go:134.18,136.84 2 0
fb_apu04/handlers/ai_reports.go:136.84,138.4 1 0
fb_apu04/handlers/ai_reports.go:139.3,140.27 2 0
fb_apu04/handlers/ai_reports.go:140.27,143.4 2 0
fb_apu04/handlers/ai_reports.go:143.9,146.4 2 0
fb_apu04/handlers/ai_reports.go:148.2,150.27 3 0
fb_apu04/handlers/ai_reports.go:150.27,152.3 1 0
fb_apu04/handlers/ai_reports.go:155.2,178.16 10 0
fb_apu04/handlers/ai_reports.go:178.16,180.23 2 0
fb_apu04/handlers/ai_reports.go:180.23,183.62 3 0
fb_apu04/handlers/ai_reports.go:183.62,184.26 1 0
fb_apu04/handlers/ai_reports.go:184.26,187.6 2 0
fb_apu04/handlers/ai_reports.go:187.11,190.6 2 0
fb_apu04/handlers/ai_reports.go:194.2,196.35 3 0
fb_apu04/handlers/ai_reports.go:196.35,198.3 1 0
fb_apu04/handlers/ai_reports.go:199.2,220.16 6 0
fb_apu04/handlers/ai_reports.go:220.16,226.21 4 0
fb_apu04/handlers/ai_reports.go:226.21,232.4 4 0
fb_apu04/handlers/ai_reports.go:233.3,236.25 4 0
fb_apu04/handlers/ai_reports.go:236.25,239.68 3 0
fb_apu04/handlers/ai_reports.go:239.68,240.13 1 0
fb_apu04/handlers/ai_reports.go:242.4,244.23 3 0
fb_apu04/handlers/ai_reports.go:244.23,247.5 2 0
fb_apu04/handlers/ai_reports.go:247.10,250.5 2 0
fb_apu04/handlers/ai_reports.go:252.3,254.30 3 0
fb_apu04/handlers/ai_reports.go:254.30,256.4 1 0
fb_apu04/handlers/ai_reports.go:257.3,257.30 1 0
fb_apu04/handlers/ai_reports.go:257.30,259.4 1 0
fb_apu04/handlers/ai_reports.go:263.2,263.33 1 0
fb_apu04/handlers/ai_reports.go:263.33,268.3 4 0
fb_apu04/handlers/ai_reports.go:269.2,269.36 1 0
fb_apu04/handlers/ai_reports.go:269.36,271.3 1 0
fb_apu04/handlers/ai_reports.go:273.2,273.20 1 0
fb_apu04/handlers/ai_reports.go:276.48,279.21 2 1
fb_apu04/handlers/ai_reports.go:279.21,281.3 1 1
fb_apu04/handlers/ai_reports.go:282.2,286.15 5 1
fb_apu04/handlers/ai_reports.go:286.15,289.3 2 1
fb_apu04/handlers/ai_reports.go:290.2,290.46 1 1
fb_apu04/handlers/ai_reports.go:293.65,311.33 16 1
fb_apu04/handlers/ai_reports.go:311.33,317.45 6 1
fb_apu04/handlers/ai_reports.go:317.45,320.4 2 1
fb_apu04/handlers/ai_reports.go:323.2,323.36 1 1
fb_apu04/handlers/ai_reports.go:323.36,326.36 3 1
fb_apu04/handlers/ai_reports.go:326.36,328.4 1 1
fb_apu04/handlers/ai_reports.go:329.3,331.126 3 1
fb_apu04/handlers/ai_reports.go:334.2,334.31 1 1
fb_apu04/handlers/ai_reports.go:334.31,336.39 2 1
fb_apu04/handlers/ai_reports.go:336.39,338.4 1 1
fb_apu04/handlers/ai_reports.go:341.2,345.20 4 1
fb_apu04/handlers/ai_reports.go:394.62,397.54 2 1
fb_apu04/handlers/ai_reports.go:397.54,402.10 4 1
fb_apu04/handlers/ai_reports.go:402.10,405.4 2 1
fb_apu04/handlers/ai_reports.go:406.3,409.17 3 1
fb_apu04/handlers/ai_reports.go:409.17,412.4 2 0
fb_apu04/handlers/ai_reports.go:414.3,415.20 2 0
fb_apu04/handlers/ai_reports.go:415.20,419.4 2 0
fb_apu04/handlers/ai_reports.go:422.3,426.51 3 0
fb_apu04/handlers/ai_reports.go:426.51,427.45 1 0
fb_apu04/handlers/ai_reports.go:427.45,428.43 1 0
fb_apu04/handlers/ai_reports.go:428.43,430.6 1 0
fb_apu04/handlers/ai_reports.go:435.3,439.18 4 0
fb_apu04/handlers/ai_reports.go:439.18,447.4 1 0
fb_apu04/handlers/ai_reports.go:450.3,450.42 1 0
fb_apu04/handlers/ai_reports.go:450.42,452.18 2 0
fb_apu04/handlers/ai_reports.go:452.18,455.5 2 0
fb_apu04/handlers/ai_reports.go:457.4,465.10 3 0
fb_apu04/handlers/ai_reports.go:470.3,471.17 2 0
fb_apu04/handlers/ai_reports.go:471.17,474.4 2 0
fb_apu04/handlers/ai_reports.go:476.3,483.64 2 0
fb_apu04/handlers/ai_reports.go:483.64,487.4 3 0
fb_apu04/handlers/ai_reports.go:491.3,491.43 1 0
fb_apu04/handlers/ai_reports.go:491.43,492.38 1 0
fb_apu04/handlers/ai_reports.go:492.38,494.5 1 0
fb_apu04/handlers/ai_reports.go:495.4,495.14 1 0
fb_apu04/handlers/ai_reports.go:495.14,502.23 4 0
fb_apu04/handlers/ai_reports.go:502.23,504.6 1 0
fb_apu04/handlers/ai_reports.go:506.5,508.22 3 0
fb_apu04/handlers/ai_reports.go:508.22,510.22 2 0
fb_apu04/handlers/ai_reports.go:510.22,512.37 2 0
fb_apu04/handlers/ai_reports.go:512.37,514.8 1 0
fb_apu04/handlers/ai_reports.go:517.5,517.27 1 0
fb_apu04/handlers/ai_reports.go:517.27,520.6 2 0
fb_apu04/handlers/ai_reports.go:521.5,522.32 2 0
fb_apu04/handlers/ai_reports.go:522.32,524.6 1 0
fb_apu04/handlers/ai_reports.go:526.5,528.21 3 0
fb_apu04/handlers/ai_reports.go:528.21,528.39 1 0
fb_apu04/handlers/ai_reports.go:529.5,529.21 1 0
fb_apu04/handlers/ai_reports.go:529.21,529.38 1 0
fb_apu04/handlers/ai_reports.go:530.5,562.24 10 0
fb_apu04/handlers/ai_reports.go:562.24,564.6 1 0
fb_apu04/handlers/ai_reports.go:564.11,566.6 1 0
fb_apu04/handlers/ai_reports.go:571.3,571.49 1 0
fb_apu04/handlers/ai_reports.go:571.49,577.4 5 0
fb_apu04/handlers/ai_reports.go:579.3,582.17 3 0
fb_apu04/handlers/ai_reports.go:582.17,591.50 4 0
fb_apu04/handlers/ai_reports.go:591.50,595.5 3 0
fb_apu04/handlers/ai_reports.go:595.10,597.5 1 0
fb_apu04/handlers/ai_reports.go:598.4,600.10 3 0
fb_apu04/handlers/ai_reports.go:603.3,606.38 4 0
fb_apu04/handlers/ai_reports.go:611.53,630.2 3 1
fb_apu04/handlers/ai_reports.go:633.58,636.54 2 1
fb_apu04/handlers/ai_reports.go:636.54,641.10 4 1
fb_apu04/handlers/ai_reports.go:641.10,644.4 2 1
fb_apu04/handlers/ai_reports.go:645.3,648.17 3 1
fb_apu04/handlers/ai_reports.go:648.17,651.4 2 0
fb_apu04/handlers/ai_reports.go:654.3,655.90 2 0
fb_apu04/handlers/ai_reports.go:655.90,661.4 5 0
fb_apu04/handlers/ai_reports.go:662.3,673.34 4 0
fb_apu04/handlers/ai_reports.go:673.34,681.4 2 0
fb_apu04/handlers/ai_reports.go:683.3,684.17 2 0
fb_apu04/handlers/ai_reports.go:684.17,687.4 2 0
fb_apu04/handlers/ai_reports.go:690.3,690.49 1 0
fb_apu04/handlers/ai_reports.go:690.49,697.4 6 0
fb_apu04/handlers/ai_reports.go:699.3,701.17 3 0
fb_apu04/handlers/ai_reports.go:701.17,709.4 7 0
fb_apu04/handlers/ai_reports.go:712.3,715.21 4 0
fb_apu04/handlers/ai_reports.go:715.21,717.55 2 0
fb_apu04/handlers/ai_reports.go:717.55,719.5 1 0
fb_apu04/handlers/ai_reports.go:722.3,727.34 5 0
fb_apu04/handlers/ai_reports.go:732.55,747.31 12 1
fb_apu04/handlers/ai_reports.go:747.31,750.17 3 1
fb_apu04/handlers/ai_reports.go:750.17,752.4 1 1
fb_apu04/handlers/ai_reports.go:753.3,753.136 1 1
fb_apu04/handlers/ai_reports.go:756.2,757.20 2 1
fb_apu04/handlers/ai_reports.go:761.62,763.31 1 1
fb_apu04/handlers/ai_reports.go:763.31,765.28 2 1
fb_apu04/handlers/ai_reports.go:765.28,768.18 3 1
fb_apu04/handlers/ai_reports.go:768.18,771.5 2 1
fb_apu04/handlers/ai_reports.go:771.10,773.5 1 1
fb_apu04/handlers/ai_reports.go:774.4,778.5 1 1
fb_apu04/handlers/ai_reports.go:783.2,783.22 1 1
fb_apu04/handlers/ai_reports.go:783.22,789.3 1 1
fb_apu04/handlers/ai_reports.go:792.2,795.3 1 1
fb_apu04/handlers/ai_reports.go:798.38,800.16 1 1
fb_apu04/handlers/ai_reports.go:800.16,802.3 1 1
fb_apu04/handlers/ai_reports.go:803.2,804.14 2 1
fb_apu04/handlers/ai_reports.go:804.14,806.3 1 1
fb_apu04/handlers/ai_reports.go:807.2,813.38 5 1
fb_apu04/handlers/ai_reports.go:813.38,815.16 2 1
fb_apu04/handlers/ai_reports.go:815.16,817.4 1 1
fb_apu04/handlers/ai_reports.go:818.3,818.54 1 1
fb_apu04/handlers/ai_reports.go:820.2,821.14 2 1
fb_apu04/handlers/ai_reports.go:821.14,823.3 1 1
fb_apu04/handlers/ai_reports.go:824.2,824.15 1 1
fb_apu04/handlers/ai_reports.go:828.62,829.54 1 1
fb_apu04/handlers/ai_reports.go:829.54,834.10 4 1
fb_apu04/handlers/ai_reports.go:834.10,837.4 2 1
fb_apu04/handlers/ai_reports.go:838.3,841.17 3 1
fb_apu04/handlers/ai_reports.go:841.17,844.4 2 0
fb_apu04/handlers/ai_reports.go:846.3,852.17 2 0
fb_apu04/handlers/ai_reports.go:852.17,855.4 2 0
fb_apu04/handlers/ai_reports.go:856.3,859.19 3 0
fb_apu04/handlers/ai_reports.go:859.19,861.40 2 0
fb_apu04/handlers/ai_reports.go:861.40,863.5 1 0
fb_apu04/handlers/ai_reports.go:866.3,868.29 1 0
fb_apu04/handlers/ai_reports.go:868.29,868.51 1 0
fb_apu04/handlers/ai_reports.go:868.51,868.72 1 0
fb_apu04/handlers/ai_reports.go:868.74,868.83 1 0
fb_apu04/handlers/ai_reports.go:886.61,887.54 1 1
fb_apu04/handlers/ai_reports.go:887.54,892.10 4 1
fb_apu04/handlers/ai_reports.go:892.10,895.4 2 1
fb_apu04/handlers/ai_reports.go:896.3,899.17 3 1
fb_apu04/handlers/ai_reports.go:899.17,902.4 2 0
fb_apu04/handlers/ai_reports.go:904.3,911.17 2 0
fb_apu04/handlers/ai_reports.go:911.17,914.4 2 0
fb_apu04/handlers/ai_reports.go:915.3,918.19 3 0
fb_apu04/handlers/ai_reports.go:918.19,920.141 2 0
fb_apu04/handlers/ai_reports.go:920.141,923.5 2 0
fb_apu04/handlers/ai_reports.go:924.4,924.32 1 0
fb_apu04/handlers/ai_reports.go:927.3,930.5 1 0
fb_apu04/handlers/ai_reports.go:935.59,936.54 1 1
fb_apu04/handlers/ai_reports.go:936.54,941.10 4 1
fb_apu04/handlers/ai_reports.go:941.10,944.4 2 1
fb_apu04/handlers/ai_reports.go:945.3,948.17 3 1
fb_apu04/handlers/ai_reports.go:948.17,951.4 2 0
fb_apu04/handlers/ai_reports.go:954.3,956.39 3 0
fb_apu04/handlers/ai_reports.go:956.39,958.4 1 0
fb_apu04/handlers/ai_reports.go:959.3,959.21 1 0
fb_apu04/handlers/ai_reports.go:959.21,962.4 2 0
fb_apu04/handlers/ai_reports.go:965.3,971.27 3 0
fb_apu04/handlers/ai_reports.go:971.27,974.4 2 0
fb_apu04/handlers/ai_reports.go:975.3,975.17 1 0
fb_apu04/handlers/ai_reports.go:975.17,978.4 2 0
fb_apu04/handlers/ai_reports.go:980.3,980.36 1 0
fb_apu04/handlers/apuracao_painel.go:52.57,53.54 1 1
fb_apu04/handlers/apuracao_painel.go:53.54,56.33 2 1
fb_apu04/handlers/apuracao_painel.go:56.33,59.4 2 1
fb_apu04/handlers/apuracao_painel.go:61.3,62.10 2 1
fb_apu04/handlers/apuracao_painel.go:62.10,65.4 2 1
fb_apu04/handlers/apuracao_painel.go:66.3,69.17 3 1
fb_apu04/handlers/apuracao_painel.go:69.17,72.4 2 0
fb_apu04/handlers/apuracao_painel.go:75.3,84.17 2 0
fb_apu04/handlers/apuracao_painel.go:84.17,87.4 2 0
fb_apu04/handlers/apuracao_painel.go:88.3,91.19 3 0
fb_apu04/handlers/apuracao_painel.go:91.19,93.40 2 0
fb_apu04/handlers/apuracao_painel.go:93.40,95.5 1 0
fb_apu04/handlers/apuracao_painel.go:97.3,97.19 1 0
fb_apu04/handlers/apuracao_painel.go:97.19,99.4 1 0
fb_apu04/handlers/apuracao_painel.go:102.3,103.37 2 0
fb_apu04/handlers/apuracao_painel.go:103.37,105.4 1 0
fb_apu04/handlers/apuracao_painel.go:107.3,111.19 4 0
fb_apu04/handlers/apuracao_painel.go:111.19,116.4 3 0
fb_apu04/handlers/apuracao_painel.go:119.3,131.41 4 0
fb_apu04/handlers/apuracao_painel.go:131.41,134.4 2 0
fb_apu04/handlers/apuracao_painel.go:137.3,149.41 4 0
fb_apu04/handlers/apuracao_painel.go:149.41,152.4 2 0
fb_apu04/handlers/apuracao_painel.go:155.3,165.41 4 0
fb_apu04/handlers/apuracao_painel.go:165.41,168.4 2 0
fb_apu04/handlers/apuracao_painel.go:171.3,197.34 4 0
fb_apu04/handlers/auth.go:64.28,66.18 2 1
fb_apu04/handlers/auth.go:66.18,68.3 1 1
fb_apu04/handlers/auth.go:69.2,69.23 1 1
fb_apu04/handlers/auth.go:73.26,74.35 1 1
fb_apu04/handlers/auth.go:74.35,75.38 1 1
fb_apu04/handlers/auth.go:75.38,77.4 1 0
fb_apu04/handlers/auth.go:78.3,78.97 1 1
fb_apu04/handlers/auth.go:95.13,97.12 1 1
fb_apu04/handlers/auth.go:97.12,99.22 2 1
fb_apu04/handlers/auth.go:99.22,101.56 2 0
fb_apu04/handlers/auth.go:101.56,102.68 1 0
fb_apu04/handlers/auth.go:102.68,104.6 1 0
fb_apu04/handlers/auth.go:105.5,105.16 1 0
fb_apu04/handlers/auth.go:107.4,107.53 1 0
fb_apu04/handlers/auth.go:107.53,108.55 1 0
fb_apu04/handlers/auth.go:108.55,110.6 1 0
fb_apu04/handlers/auth.go:111.5,111.16 1 0
fb_apu04/handlers/auth.go:119.42,120.40 1 1
fb_apu04/handlers/auth.go:120.40,122.3 1 1
fb_apu04/handlers/auth.go:123.2,123.17 1 1
fb_apu04/handlers/auth.go:126.52,129.2 2 1
fb_apu04/handlers/auth.go:131.52,134.2 2 1
fb_apu04/handlers/auth.go:136.57,144.2 3 1
fb_apu04/handlers/auth.go:146.42,150.2 3 1
fb_apu04/handlers/auth.go:152.43,155.2 1 1
fb_apu04/handlers/auth.go:157.77,167.2 1 1
fb_apu04/handlers/auth.go:169.65,179.2 1 1
fb_apu04/handlers/auth.go:184.48,185.54 1 1
fb_apu04/handlers/auth.go:185.54,187.10 2 1
fb_apu04/handlers/auth.go:187.10,190.4 2 1
fb_apu04/handlers/auth.go:191.3,199.17 4 1
fb_apu04/handlers/auth.go:199.17,202.4 2 0
fb_apu04/handlers/auth.go:204.3,205.34 2 0
fb_apu04/handlers/auth.go:209.82,210.54 1 1
fb_apu04/handlers/auth.go:210.54,212.23 2 1
fb_apu04/handlers/auth.go:212.23,215.4 2 1
fb_apu04/handlers/auth.go:217.3,218.57 2 1
fb_apu04/handlers/auth.go:218.57,220.4 1 1
fb_apu04/handlers/auth.go:220.9,223.4 2 1
fb_apu04/handlers/auth.go:226.3,226.62 1 1
fb_apu04/handlers/auth.go:226.62,229.4 2 1
fb_apu04/handlers/auth.go:231.3,231.84 1 1
fb_apu04/handlers/auth.go:231.84,233.4 1 1
fb_apu04/handlers/auth.go:235.3,235.33 1 1
fb_apu04/handlers/auth.go:235.33,238.4 2 1
fb_apu04/handlers/auth.go:240.3,241.26 2 1
fb_apu04/handlers/auth.go:241.26,244.4 2 0
fb_apu04/handlers/auth.go:247.3,248.10 2 1
fb_apu04/handlers/auth.go:248.10,251.4 2 0
fb_apu04/handlers/auth.go:253.3,253.76 1 1
fb_apu04/handlers/auth.go:253.76,256.4 2 1
fb_apu04/handlers/auth.go:258.3,259.30 2 1
fb_apu04/handlers/auth.go:263.51,265.9 2 1
fb_apu04/handlers/auth.go:265.9,267.3 1 1
fb_apu04/handlers/auth.go:268.2,269.9 2 1
fb_apu04/handlers/auth.go:269.9,271.3 1 1
fb_apu04/handlers/auth.go:272.2,272.15 1 1
fb_apu04/handlers/auth.go:276.91,280.30 3 1
fb_apu04/handlers/auth.go:280.30,293.27 3 0
fb_apu04/handlers/auth.go:293.27,295.4 1 0
fb_apu04/handlers/auth.go:296.3,296.120 1 0
fb_apu04/handlers/auth.go:299.2,309.16 3 1
fb_apu04/handlers/auth.go:309.16,311.3 1 0
fb_apu04/handlers/auth.go:313.2,313.26 1 0
fb_apu04/handlers/auth.go:313.26,315.3 1 0
fb_apu04/handlers/auth.go:317.2,329.16 2 0
fb_apu04/handlers/auth.go:329.16,331.3 1 0
fb_apu04/handlers/auth.go:333.2,333.23 1 0
fb_apu04/handlers/auth.go:337.66,339.2 1 1
fb_apu04/handlers/auth.go:351.59,352.54 1 1
fb_apu04/handlers/auth.go:352.54,354.19 2 1
fb_apu04/handlers/auth.go:354.19,357.4 2 1
fb_apu04/handlers/auth.go:359.3,374.17 2 1
fb_apu04/handlers/auth.go:374.17,378.4 3 0
fb_apu04/handlers/auth.go:379.3,382.19 3 0
fb_apu04/handlers/auth.go:382.19,384.104 2 0
fb_apu04/handlers/auth.go:384.104,385.13 1 0
fb_apu04/handlers/auth.go:387.4,387.36 1 0
fb_apu04/handlers/auth.go:390.3,391.39 2 0
fb_apu04/handlers/auth.go:395.51,396.54 1 1
fb_apu04/handlers/auth.go:396.54,398.40 1 1
fb_apu04/handlers/auth.go:398.40,403.4 4 1
fb_apu04/handlers/auth.go:405.3,406.62 2 1
fb_apu04/handlers/auth.go:406.62,409.4 2 1
fb_apu04/handlers/auth.go:411.3,411.91 1 1
fb_apu04/handlers/auth.go:411.91,414.4 2 1
fb_apu04/handlers/auth.go:416.3,416.28 1 1
fb_apu04/handlers/auth.go:416.28,419.4 2 1
fb_apu04/handlers/auth.go:422.3,423.17 2 1
fb_apu04/handlers/auth.go:423.17,427.4 3 0
fb_apu04/handlers/auth.go:430.3,431.17 2 1
fb_apu04/handlers/auth.go:431.17,435.4 3 0
fb_apu04/handlers/auth.go:436.3,448.17 6 0
fb_apu04/handlers/auth.go:448.17,455.4 6 0
fb_apu04/handlers/auth.go:458.3,462.17 4 0
fb_apu04/handlers/auth.go:462.17,467.4 4 0
fb_apu04/handlers/auth.go:469.3,471.17 3 0
fb_apu04/handlers/auth.go:471.17,476.4 4 0
fb_apu04/handlers/auth.go:479.3,480.17 2 0
fb_apu04/handlers/auth.go:480.17,484.4 3 0
fb_apu04/handlers/auth.go:487.3,493.17 3 0
fb_apu04/handlers/auth.go:493.17,497.4 3 0
fb_apu04/handlers/auth.go:499.3,499.37 1 0
fb_apu04/handlers/auth.go:499.37,503.4 3 0
fb_apu04/handlers/auth.go:506.3,533.5 6 0
fb_apu04/handlers/auth.go:537.48,538.54 1 1
fb_apu04/handlers/auth.go:538.54,541.62 3 1
fb_apu04/handlers/auth.go:541.62,544.4 2 1
fb_apu04/handlers/auth.go:546.3,549.28 2 1
fb_apu04/handlers/auth.go:549.28,554.4 4 1
fb_apu04/handlers/auth.go:556.3,566.27 5 1
fb_apu04/handlers/auth.go:566.27,573.4 6 0
fb_apu04/handlers/auth.go:573.9,573.24 1 0
fb_apu04/handlers/auth.go:573.24,579.4 5 0
fb_apu04/handlers/auth.go:581.3,581.45 1 0
fb_apu04/handlers/auth.go:581.45,588.4 6 0
fb_apu04/handlers/auth.go:590.3,590.66 1 0
fb_apu04/handlers/auth.go:590.66,596.4 5 0
fb_apu04/handlers/auth.go:599.3,603.17 3 0
fb_apu04/handlers/auth.go:603.17,607.4 3 0
fb_apu04/handlers/auth.go:610.3,635.27 8 0
fb_apu04/handlers/auth.go:635.27,650.4 2 0
fb_apu04/handlers/auth.go:652.3,652.27 1 0
fb_apu04/handlers/auth.go:652.27,657.31 4 0
fb_apu04/handlers/auth.go:657.31,659.5 1 0
fb_apu04/handlers/auth.go:661.4,661.21 1 0
fb_apu04/handlers/auth.go:661.21,667.5 5 0
fb_apu04/handlers/auth.go:667.10,670.34 3 0
fb_apu04/handlers/auth.go:670.34,672.6 1 0
fb_apu04/handlers/auth.go:674.5,674.24 1 0
fb_apu04/handlers/auth.go:674.24,679.6 4 0
fb_apu04/handlers/auth.go:679.11,683.29 3 0
fb_apu04/handlers/auth.go:683.29,685.7 1 0
fb_apu04/handlers/auth.go:687.6,693.24 2 0
fb_apu04/handlers/auth.go:693.24,697.7 3 0
fb_apu04/handlers/auth.go:697.12,699.7 1 0
fb_apu04/handlers/auth.go:702.4,702.13 1 0
fb_apu04/handlers/auth.go:704.9,704.24 1 0
fb_apu04/handlers/auth.go:704.24,710.4 5 0
fb_apu04/handlers/auth.go:712.3,723.5 3 0
fb_apu04/handlers/auth.go:731.57,732.54 1 1
fb_apu04/handlers/auth.go:732.54,734.62 2 1
fb_apu04/handlers/auth.go:734.62,739.4 4 1
fb_apu04/handlers/auth.go:742.3,742.41 1 1
fb_apu04/handlers/auth.go:742.41,747.4 4 1
fb_apu04/handlers/auth.go:749.3,751.27 3 1
fb_apu04/handlers/auth.go:751.27,758.4 3 0
fb_apu04/handlers/auth.go:758.9,758.24 1 0
fb_apu04/handlers/auth.go:758.24,763.4 4 0
fb_apu04/handlers/auth.go:766.3,773.17 6 0
fb_apu04/handlers/auth.go:773.17,778.4 4 0
fb_apu04/handlers/auth.go:780.3,781.17 2 0
fb_apu04/handlers/auth.go:781.17,787.4 5 0
fb_apu04/handlers/auth.go:789.3,792.5 2 0
fb_apu04/handlers/auth.go:802.56,803.54 1 1
fb_apu04/handlers/auth.go:803.54,805.62 2 1
fb_apu04/handlers/auth.go:805.62,810.4 4 1
fb_apu04/handlers/auth.go:812.3,812.42 1 1
fb_apu04/handlers/auth.go:812.42,817.4 4 1
fb_apu04/handlers/auth.go:819.3,819.28 1 1
fb_apu04/handlers/auth.go:819.28,824.4 4 1
fb_apu04/handlers/auth.go:826.3,836.27 5 1
fb_apu04/handlers/auth.go:836.27,841.4 4 0
fb_apu04/handlers/auth.go:841.9,841.24 1 0
fb_apu04/handlers/auth.go:841.24,847.4 5 0
fb_apu04/handlers/auth.go:849.3,849.36 1 0
fb_apu04/handlers/auth.go:849.36,854.4 4 0
fb_apu04/handlers/auth.go:856.3,856.34 1 0
fb_apu04/handlers/auth.go:856.34,861.4 4 0
fb_apu04/handlers/auth.go:863.3,864.17 2 0
fb_apu04/handlers/auth.go:864.17,870.4 5 0
fb_apu04/handlers/auth.go:872.3,873.17 2 0
fb_apu04/handlers/auth.go:873.17,879.4 5 0
fb_apu04/handlers/auth.go:880.3,883.17 3 0
fb_apu04/handlers/auth.go:883.17,889.4 5 0
fb_apu04/handlers/auth.go:891.3,892.17 2 0
fb_apu04/handlers/auth.go:892.17,894.4 1 0
fb_apu04/handlers/auth.go:896.3,896.37 1 0
fb_apu04/handlers/auth.go:896.37,902.4 5 0
fb_apu04/handlers/auth.go:904.3,909.5 3 0
fb_apu04/handlers/auth.go:914.57,915.54 1 1
fb_apu04/handlers/auth.go:915.54,919.10 3 1
fb_apu04/handlers/auth.go:919.10,923.4 3 1
fb_apu04/handlers/auth.go:924.3,930.62 3 1
fb_apu04/handlers/auth.go:930.62,934.4 3 1
fb_apu04/handlers/auth.go:936.3,936.31 1 1
fb_apu04/handlers/auth.go:936.31,940.4 3 1
fb_apu04/handlers/auth.go:942.3,944.17 3 1
fb_apu04/handlers/auth.go:944.17,948.4 3 0
fb_apu04/handlers/auth.go:950.3,950.52 1 0
fb_apu04/handlers/auth.go:950.52,954.4 3 0
fb_apu04/handlers/auth.go:956.3,957.17 2 0
fb_apu04/handlers/auth.go:957.17,961.4 3 0
fb_apu04/handlers/auth.go:963.3,964.17 2 0
fb_apu04/handlers/auth.go:964.17,968.4 3 0
fb_apu04/handlers/auth.go:970.3,971.88 2 0
fb_apu04/handlers/auth.go:976.50,977.54 1 1
fb_apu04/handlers/auth.go:977.54,978.34 1 1
fb_apu04/handlers/auth.go:978.34,981.4 2 1
fb_apu04/handlers/auth.go:983.3,984.17 2 1
fb_apu04/handlers/auth.go:984.17,987.4 2 1
fb_apu04/handlers/auth.go:989.3,990.10 2 0
fb_apu04/handlers/auth.go:990.10,993.4 2 0
fb_apu04/handlers/auth.go:995.3,996.39 2 0
fb_apu04/handlers/auth.go:996.39,1001.4 4 0
fb_apu04/handlers/auth.go:1004.3,1015.17 6 0
fb_apu04/handlers/auth.go:1015.17,1018.4 2 0
fb_apu04/handlers/auth.go:1020.3,1021.69 2 0
fb_apu04/handlers/auth.go:1026.49,1027.54 1 1
fb_apu04/handlers/auth.go:1027.54,1028.34 1 1
fb_apu04/handlers/auth.go:1028.34,1031.4 2 1
fb_apu04/handlers/auth.go:1034.3,1035.57 2 1
fb_apu04/handlers/auth.go:1035.57,1037.77 2 0
fb_apu04/handlers/auth.go:1037.77,1039.5 1 0
fb_apu04/handlers/auth.go:1040.4,1040.18 1 0
fb_apu04/handlers/auth.go:1040.18,1041.53 1 0
fb_apu04/handlers/auth.go:1041.53,1042.48 1 0
fb_apu04/handlers/auth.go:1042.48,1044.7 1 0
fb_apu04/handlers/auth.go:1050.3,1050.59 1 1
fb_apu04/handlers/auth.go:1050.59,1052.4 1 0
fb_apu04/handlers/auth.go:1054.3,1056.91 3 1
fb_apu04/handlers/cfop.go:18.52,19.54 1 1
fb_apu04/handlers/cfop.go:19.54,24.17 4 0
fb_apu04/handlers/cfop.go:24.17,27.4 2 0
fb_apu04/handlers/cfop.go:28.3,31.19 3 0
fb_apu04/handlers/cfop.go:31.19,33.72 2 0
fb_apu04/handlers/cfop.go:33.72,36.5 2 0
fb_apu04/handlers/cfop.go:37.4,37.28 1 0
fb_apu04/handlers/cfop.go:40.3,40.19 1 0
fb_apu04/handlers/cfop.go:40.19,42.4 1 0
fb_apu04/handlers/cfop.go:44.3,44.35 1 0
fb_apu04/handlers/cfop.go:48.54,49.54 1 1
fb_apu04/handlers/cfop.go:49.54,52.28 2 1
fb_apu04/handlers/cfop.go:52.28,55.4 2 1
fb_apu04/handlers/cfop.go:57.3,57.25 1 1
fb_apu04/handlers/cfop.go:57.25,60.4 2 1
fb_apu04/handlers/cfop.go:62.3,63.17 2 1
fb_apu04/handlers/cfop.go:63.17,66.4 2 1
fb_apu04/handlers/cfop.go:67.3,74.36 4 0
fb_apu04/handlers/cfop.go:74.36,75.42 1 0
fb_apu04/handlers/cfop.go:75.42,77.5 1 0
fb_apu04/handlers/cfop.go:78.4,85.76 5 0
fb_apu04/handlers/cfop.go:85.76,86.43 1 0
fb_apu04/handlers/cfop.go:86.43,88.6 1 0
fb_apu04/handlers/cfop.go:89.5,92.10 4 0
fb_apu04/handlers/cfop.go:97.3,97.20 1 0
fb_apu04/handlers/cfop.go:97.20,98.42 1 0
fb_apu04/handlers/cfop.go:98.42,100.5 1 0
fb_apu04/handlers/cfop.go:101.4,103.28 3 0
fb_apu04/handlers/cfop.go:106.3,107.17 2 0
fb_apu04/handlers/cfop.go:107.17,110.4 2 0
fb_apu04/handlers/cfop.go:113.3,118.17 2 0
fb_apu04/handlers/cfop.go:118.17,122.4 3 0
fb_apu04/handlers/cfop.go:124.3,125.17 2 0
fb_apu04/handlers/cfop.go:125.17,129.4 3 0
fb_apu04/handlers/cfop.go:130.3,132.7 2 0
fb_apu04/handlers/cfop.go:132.7,134.21 2 0
fb_apu04/handlers/cfop.go:134.21,135.10 1 0
fb_apu04/handlers/cfop.go:137.4,137.18 1 0
fb_apu04/handlers/cfop.go:137.18,141.5 3 0
fb_apu04/handlers/cfop.go:143.4,143.23 1 0
fb_apu04/handlers/cfop.go:143.23,144.13 1 0
fb_apu04/handlers/cfop.go:148.4,148.44 1 0
fb_apu04/handlers/cfop.go:148.44,149.13 1 0
fb_apu04/handlers/cfop.go:152.4,162.24 7 0
fb_apu04/handlers/cfop.go:162.24,164.5 1 0
fb_apu04/handlers/cfop.go:167.4,167.21 1 0
fb_apu04/handlers/cfop.go:167.21,171.5 3 0
fb_apu04/handlers/cfop.go:173.4,174.18 2 0
fb_apu04/handlers/cfop.go:174.18,178.5 3 0
fb_apu04/handlers/cfop.go:181.3,181.37 1 0
fb_apu04/handlers/cfop.go:181.37,184.4 2 0
fb_apu04/handlers/cfop.go:186.3,187.79 2 0
fb_apu04/handlers/config.go:18.54,19.54 1 1
fb_apu04/handlers/config.go:19.54,30.17 5 0
fb_apu04/handlers/config.go:30.17,33.4 2 0
fb_apu04/handlers/config.go:34.3,37.19 3 0
fb_apu04/handlers/config.go:37.19,39.128 2 0
fb_apu04/handlers/config.go:39.128,42.5 2 0
fb_apu04/handlers/config.go:43.4,43.28 1 0
fb_apu04/handlers/config.go:46.3,46.35 1 0
fb_apu04/handlers/creditos_perdidos.go:93.59,94.54 1 1
fb_apu04/handlers/creditos_perdidos.go:94.54,97.33 2 1
fb_apu04/handlers/creditos_perdidos.go:97.33,100.4 2 1
fb_apu04/handlers/creditos_perdidos.go:102.3,103.10 2 1
fb_apu04/handlers/creditos_perdidos.go:103.10,106.4 2 1
fb_apu04/handlers/creditos_perdidos.go:107.3,110.17 3 0
fb_apu04/handlers/creditos_perdidos.go:110.17,113.4 2 0
fb_apu04/handlers/creditos_perdidos.go:116.3,121.17 3 0
fb_apu04/handlers/creditos_perdidos.go:121.17,124.4 2 0
fb_apu04/handlers/creditos_perdidos.go:126.3,159.17 5 0
fb_apu04/handlers/creditos_perdidos.go:159.17,163.4 3 0
fb_apu04/handlers/creditos_perdidos.go:164.3,170.19 5 0
fb_apu04/handlers/creditos_perdidos.go:170.19,172.90 2 0
fb_apu04/handlers/creditos_perdidos.go:172.90,173.13 1 0
fb_apu04/handlers/creditos_perdidos.go:175.4,180.33 6 0
fb_apu04/handlers/creditos_perdidos.go:183.3,183.25 1 0
fb_apu04/handlers/creditos_perdidos.go:183.25,185.4 1 0
fb_apu04/handlers/creditos_perdidos.go:187.3,188.24 2 0
fb_apu04/handlers/creditos_perdidos.go:188.24,190.4 1 0
fb_apu04/handlers/creditos_perdidos.go:191.3,217.17 5 0
fb_apu04/handlers/creditos_perdidos.go:217.17,220.4 1 0
fb_apu04/handlers/creditos_perdidos.go:222.3,225.25 3 0
fb_apu04/handlers/creditos_perdidos.go:225.25,227.27 2 0
fb_apu04/handlers/creditos_perdidos.go:227.27,229.85 2 0
fb_apu04/handlers/creditos_perdidos.go:229.85,230.14 1 0
fb_apu04/handlers/creditos_perdidos.go:232.5,238.31 7 0
fb_apu04/handlers/creditos_perdidos.go:241.3,241.29 1 0
fb_apu04/handlers/creditos_perdidos.go:241.29,243.4 1 0
fb_apu04/handlers/creditos_perdidos.go:245.3,272.17 5 0
fb_apu04/handlers/creditos_perdidos.go:272.17,274.4 1 0
fb_apu04/handlers/creditos_perdidos.go:276.3,280.21 4 0
fb_apu04/handlers/creditos_perdidos.go:280.21,282.23 2 0
fb_apu04/handlers/creditos_perdidos.go:282.23,284.93 2 0
fb_apu04/handlers/creditos_perdidos.go:284.93,285.14 1 0
fb_apu04/handlers/creditos_perdidos.go:287.5,292.34 6 0
fb_apu04/handlers/creditos_perdidos.go:295.3,295.27 1 0
fb_apu04/handlers/creditos_perdidos.go:295.27,297.4 1 0
fb_apu04/handlers/creditos_perdidos.go:299.3,300.27 2 0
fb_apu04/handlers/creditos_perdidos.go:300.27,302.4 1 0
fb_apu04/handlers/creditos_perdidos.go:303.3,322.34 5 0
fb_apu04/handlers/crypto.go:16.32,18.15 2 1
fb_apu04/handlers/crypto.go:18.15,19.38 1 1
fb_apu04/handlers/crypto.go:19.38,22.61 1 1
fb_apu04/handlers/crypto.go:22.61,25.5 1 1
fb_apu04/handlers/crypto.go:25.10,27.5 1 1
fb_apu04/handlers/crypto.go:28.9,30.4 1 1
fb_apu04/handlers/crypto.go:32.2,33.13 2 1
fb_apu04/handlers/crypto.go:37.30,38.74 1 1
fb_apu04/handlers/crypto.go:38.74,42.3 1 1
fb_apu04/handlers/crypto.go:47.53,50.16 3 1
fb_apu04/handlers/crypto.go:50.16,52.3 1 0
fb_apu04/handlers/crypto.go:53.2,54.16 2 1
fb_apu04/handlers/crypto.go:54.16,56.3 1 0
fb_apu04/handlers/crypto.go:57.2,58.59 2 1
fb_apu04/handlers/crypto.go:58.59,60.3 1 0
fb_apu04/handlers/crypto.go:61.2,62.59 2 1
fb_apu04/handlers/crypto.go:66.51,69.16 3 1
fb_apu04/handlers/crypto.go:69.16,71.3 1 1
fb_apu04/handlers/crypto.go:72.2,73.16 2 1
fb_apu04/handlers/crypto.go:73.16,75.3 1 0
fb_apu04/handlers/crypto.go:76.2,77.16 2 1
fb_apu04/handlers/crypto.go:77.16,79.3 1 0
fb_apu04/handlers/crypto.go:80.2,81.27 2 1
fb_apu04/handlers/crypto.go:81.27,83.3 1 1
fb_apu04/handlers/crypto.go:84.2,86.16 3 1
fb_apu04/handlers/crypto.go:86.16,88.3 1 1
fb_apu04/handlers/crypto.go:89.2,89.31 1 1
fb_apu04/handlers/crypto.go:94.54,96.16 2 1
fb_apu04/handlers/crypto.go:96.16,98.3 1 1
fb_apu04/handlers/crypto.go:99.2,99.18 1 1
fb_apu04/handlers/cte_entradas.go:137.49,148.42 6 1
fb_apu04/handlers/cte_entradas.go:148.42,150.3 1 1
fb_apu04/handlers/cte_entradas.go:151.2,151.19 1 1
fb_apu04/handlers/cte_entradas.go:155.44,158.19 2 1
fb_apu04/handlers/cte_entradas.go:158.19,160.3 1 1
fb_apu04/handlers/cte_entradas.go:162.2,163.51 2 1
fb_apu04/handlers/cte_entradas.go:163.51,165.3 1 1
fb_apu04/handlers/cte_entradas.go:166.2,166.11 1 1
fb_apu04/handlers/cte_entradas.go:170.58,171.89 1 1
fb_apu04/handlers/cte_entradas.go:171.89,172.35 1 1
fb_apu04/handlers/cte_entradas.go:172.35,174.4 1 1
fb_apu04/handlers/cte_entradas.go:176.2,176.13 1 1
fb_apu04/handlers/cte_entradas.go:233.60,234.54 1 1
fb_apu04/handlers/cte_entradas.go:234.54,238.37 3 1
fb_apu04/handlers/cte_entradas.go:238.37,241.4 2 1
fb_apu04/handlers/cte_entradas.go:243.3,243.34 1 1
fb_apu04/handlers/cte_entradas.go:243.34,246.4 2 1
fb_apu04/handlers/cte_entradas.go:248.3,249.10 2 1
fb_apu04/handlers/cte_entradas.go:249.10,252.4 2 1
fb_apu04/handlers/cte_entradas.go:253.3,256.17 3 0
fb_apu04/handlers/cte_entradas.go:256.17,259.4 2 0
fb_apu04/handlers/cte_entradas.go:261.3,261.57 1 0
fb_apu04/handlers/cte_entradas.go:261.57,264.4 2 0
fb_apu04/handlers/cte_entradas.go:266.3,267.22 2 0
fb_apu04/handlers/cte_entradas.go:267.22,270.4 2 0
fb_apu04/handlers/cte_entradas.go:272.3,274.28 2 0
fb_apu04/handlers/cte_entradas.go:274.28,278.18 3 0
fb_apu04/handlers/cte_entradas.go:278.18,280.13 2 0
fb_apu04/handlers/cte_entradas.go:283.4,285.18 3 0
fb_apu04/handlers/cte_entradas.go:285.18,287.13 2 0
fb_apu04/handlers/cte_entradas.go:290.4,291.18 2 0
fb_apu04/handlers/cte_entradas.go:291.18,293.13 2 0
fb_apu04/handlers/cte_entradas.go:296.4,300.19 3 0
fb_apu04/handlers/cte_entradas.go:300.19,302.13 2 0
fb_apu04/handlers/cte_entradas.go:306.4,307.24 2 0
fb_apu04/handlers/cte_entradas.go:307.24,309.13 2 0
fb_apu04/handlers/cte_entradas.go:313.4,314.18 2 0
fb_apu04/handlers/cte_entradas.go:314.18,316.13 2 0
fb_apu04/handlers/cte_entradas.go:320.4,321.24 2 0
fb_apu04/handlers/cte_entradas.go:321.24,323.5 1 0
fb_apu04/handlers/cte_entradas.go:326.4,327.25 2 0
fb_apu04/handlers/cte_entradas.go:327.25,329.5 1 0
fb_apu04/handlers/cte_entradas.go:332.4,373.18 7 0
fb_apu04/handlers/cte_entradas.go:373.18,376.13 3 0
fb_apu04/handlers/cte_entradas.go:379.4,379.23 1 0
fb_apu04/handlers/cte_entradas.go:382.3,383.27 2 0
fb_apu04/handlers/cte_entradas.go:383.27,385.4 1 0
fb_apu04/handlers/cte_entradas.go:387.3,388.36 2 0
fb_apu04/handlers/cte_entradas.go:396.58,397.54 1 1
fb_apu04/handlers/cte_entradas.go:397.54,401.37 3 1
fb_apu04/handlers/cte_entradas.go:401.37,404.4 2 1
fb_apu04/handlers/cte_entradas.go:406.3,406.33 1 1
fb_apu04/handlers/cte_entradas.go:406.33,409.4 2 1
fb_apu04/handlers/cte_entradas.go:411.3,412.10 2 1
fb_apu04/handlers/cte_entradas.go:412.10,415.4 2 1
fb_apu04/handlers/cte_entradas.go:416.3,419.17 3 0
fb_apu04/handlers/cte_entradas.go:419.17,422.4 2 0
fb_apu04/handlers/cte_entradas.go:424.3,444.19 7 0
fb_apu04/handlers/cte_entradas.go:444.19,448.4 3 0
fb_apu04/handlers/cte_entradas.go:449.3,449.21 1 0
fb_apu04/handlers/cte_entradas.go:449.21,453.4 3 0
fb_apu04/handlers/cte_entradas.go:455.3,458.17 3 0
fb_apu04/handlers/cte_entradas.go:458.17,462.4 3 0
fb_apu04/handlers/cte_entradas.go:463.3,466.19 3 0
fb_apu04/handlers/cte_entradas.go:466.19,477.18 3 0
fb_apu04/handlers/cte_entradas.go:477.18,479.13 2 0
fb_apu04/handlers/cte_entradas.go:481.4,481.28 1 0
fb_apu04/handlers/cte_entradas.go:484.3,487.5 1 0
fb_apu04/handlers/dashboard.go:23.65,24.54 1 1
fb_apu04/handlers/dashboard.go:24.54,30.10 4 1
fb_apu04/handlers/dashboard.go:30.10,33.4 2 1
fb_apu04/handlers/dashboard.go:34.3,37.17 3 0
fb_apu04/handlers/dashboard.go:37.17,40.4 2 0
fb_apu04/handlers/dashboard.go:42.3,50.19 5 0
fb_apu04/handlers/dashboard.go:50.19,61.4 2 0
fb_apu04/handlers/dashboard.go:61.9,72.4 2 0
fb_apu04/handlers/dashboard.go:75.3,75.25 1 0
fb_apu04/handlers/dashboard.go:75.25,77.55 2 0
fb_apu04/handlers/dashboard.go:77.55,78.43 1 0
fb_apu04/handlers/dashboard.go:78.43,80.6 1 0
fb_apu04/handlers/dashboard.go:82.4,82.22 1 0
fb_apu04/handlers/dashboard.go:82.22,84.29 2 0
fb_apu04/handlers/dashboard.go:84.29,87.6 2 0
fb_apu04/handlers/dashboard.go:88.5,88.91 1 0
fb_apu04/handlers/dashboard.go:91.3,94.17 3 0
fb_apu04/handlers/dashboard.go:94.17,97.4 2 0
fb_apu04/handlers/dashboard.go:98.3,107.23 3 0
fb_apu04/handlers/dashboard.go:107.23,110.79 3 0
fb_apu04/handlers/dashboard.go:110.79,111.13 1 0
fb_apu04/handlers/dashboard.go:113.4,113.23 1 0
fb_apu04/handlers/dashboard.go:113.23,118.5 4 0
fb_apu04/handlers/dashboard.go:118.10,118.32 1 0
fb_apu04/handlers/dashboard.go:118.32,123.5 4 0
fb_apu04/handlers/dashboard.go:127.3,133.17 2 0
fb_apu04/handlers/dashboard.go:133.17,136.4 2 0
fb_apu04/handlers/dashboard.go:137.3,140.19 3 0
fb_apu04/handlers/dashboard.go:140.19,144.77 3 0
fb_apu04/handlers/dashboard.go:144.77,145.13 1 0
fb_apu04/handlers/dashboard.go:151.4,182.6 13 0
fb_apu04/handlers/dashboard.go:185.3,185.36 1 0
fb_apu04/handlers/environment.go:40.58,41.54 1 1
fb_apu04/handlers/environment.go:41.54,43.10 2 1
fb_apu04/handlers/environment.go:43.10,46.4 2 1
fb_apu04/handlers/environment.go:47.3,55.22 6 0
fb_apu04/handlers/environment.go:55.22,58.4 1 0
fb_apu04/handlers/environment.go:58.9,67.4 1 0
fb_apu04/handlers/environment.go:69.3,69.17 1 0
fb_apu04/handlers/environment.go:69.17,72.4 2 0
fb_apu04/handlers/environment.go:73.3,76.19 3 0
fb_apu04/handlers/environment.go:76.19,78.82 2 0
fb_apu04/handlers/environment.go:78.82,81.5 2 0
fb_apu04/handlers/environment.go:82.4,82.26 1 0
fb_apu04/handlers/environment.go:85.3,85.18 1 0
fb_apu04/handlers/environment.go:85.18,87.4 1 0
fb_apu04/handlers/environment.go:88.3,88.34 1 0
fb_apu04/handlers/environment.go:92.60,93.54 1 1
fb_apu04/handlers/environment.go:93.54,95.60 2 1
fb_apu04/handlers/environment.go:95.60,98.4 2 1
fb_apu04/handlers/environment.go:100.3,105.17 2 1
fb_apu04/handlers/environment.go:105.17,108.4 2 0
fb_apu04/handlers/environment.go:110.3,110.31 1 0
fb_apu04/handlers/environment.go:114.60,115.54 1 1
fb_apu04/handlers/environment.go:115.54,118.60 2 1
fb_apu04/handlers/environment.go:118.60,121.4 2 1
fb_apu04/handlers/environment.go:123.3,128.17 2 1
fb_apu04/handlers/environment.go:128.17,131.4 2 0
fb_apu04/handlers/environment.go:133.3,134.31 2 0
fb_apu04/handlers/environment.go:138.60,139.54 1 1
fb_apu04/handlers/environment.go:139.54,141.15 2 1
fb_apu04/handlers/environment.go:141.15,144.4 2 1
fb_apu04/handlers/environment.go:146.3,147.17 2 0
fb_apu04/handlers/environment.go:147.17,150.4 2 0
fb_apu04/handlers/environment.go:151.3,151.31 1 0
fb_apu04/handlers/environment.go:157.52,158.54 1 0
fb_apu04/handlers/environment.go:158.54,163.18 4 0
fb_apu04/handlers/environment.go:163.18,166.4 2 0
fb_apu04/handlers/environment.go:167.3,170.17 3 0
fb_apu04/handlers/environment.go:170.17,173.4 2 0
fb_apu04/handlers/environment.go:174.3,177.19 3 0
fb_apu04/handlers/environment.go:177.19,179.100 2 0
fb_apu04/handlers/environment.go:179.100,182.5 2 0
fb_apu04/handlers/environment.go:183.4,183.30 1 0
fb_apu04/handlers/environment.go:186.3,186.20 1 0
fb_apu04/handlers/environment.go:186.20,188.4 1 0
fb_apu04/handlers/environment.go:189.3,189.36 1 0
fb_apu04/handlers/environment.go:193.54,194.54 1 1
fb_apu04/handlers/environment.go:194.54,196.60 2 1
fb_apu04/handlers/environment.go:196.60,199.4 2 1
fb_apu04/handlers/environment.go:201.3,206.17 2 1
fb_apu04/handlers/environment.go:206.17,209.4 2 0
fb_apu04/handlers/environment.go:211.3,211.31 1 0
fb_apu04/handlers/environment.go:215.54,216.54 1 1
fb_apu04/handlers/environment.go:216.54,218.15 2 1
fb_apu04/handlers/environment.go:218.15,221.4 2 1
fb_apu04/handlers/environment.go:223.3,224.17 2 1
fb_apu04/handlers/environment.go:224.17,227.4 2 0
fb_apu04/handlers/environment.go:228.3,228.31 1 0
fb_apu04/handlers/environment.go:234.55,235.54 1 0
fb_apu04/handlers/environment.go:235.54,240.20 4 0
fb_apu04/handlers/environment.go:240.20,243.4 2 0
fb_apu04/handlers/environment.go:244.3,247.17 3 0
fb_apu04/handlers/environment.go:247.17,250.4 2 0
fb_apu04/handlers/environment.go:251.3,254.19 3 0
fb_apu04/handlers/environment.go:254.19,256.113 2 0
fb_apu04/handlers/environment.go:256.113,259.5 2 0
fb_apu04/handlers/environment.go:260.4,260.36 1 0
fb_apu04/handlers/environment.go:263.3,263.23 1 0
fb_apu04/handlers/environment.go:263.23,265.4 1 0
fb_apu04/handlers/environment.go:266.3,266.39 1 0
fb_apu04/handlers/environment.go:270.56,271.54 1 1
fb_apu04/handlers/environment.go:271.54,273.60 2 1
fb_apu04/handlers/environment.go:273.60,276.4 2 1
fb_apu04/handlers/environment.go:279.3,279.38 1 1
fb_apu04/handlers/environment.go:279.38,282.4 2 1
fb_apu04/handlers/environment.go:285.3,294.17 3 1
fb_apu04/handlers/environment.go:294.17,296.4 1 0
fb_apu04/handlers/environment.go:298.3,299.19 2 0
fb_apu04/handlers/environment.go:299.19,301.4 1 0
fb_apu04/handlers/environment.go:303.3,308.17 2 0
fb_apu04/handlers/environment.go:308.17,311.4 2 0
fb_apu04/handlers/environment.go:313.3,313.31 1 0
fb_apu04/handlers/environment.go:317.56,318.54 1 1
fb_apu04/handlers/environment.go:318.54,319.65 1 1
fb_apu04/handlers/environment.go:319.65,322.4 2 1
fb_apu04/handlers/environment.go:324.3,325.15 2 0
fb_apu04/handlers/environment.go:325.15,328.4 2 0
fb_apu04/handlers/environment.go:330.3,333.66 2 0
fb_apu04/handlers/environment.go:333.66,336.4 2 0
fb_apu04/handlers/environment.go:338.3,342.41 2 0
fb_apu04/handlers/environment.go:342.41,345.4 2 0
fb_apu04/handlers/environment.go:347.3,351.17 2 0
fb_apu04/handlers/environment.go:351.17,354.4 2 0
fb_apu04/handlers/environment.go:356.3,356.31 1 0
fb_apu04/handlers/environment.go:360.56,361.54 1 1
fb_apu04/handlers/environment.go:361.54,363.15 2 1
fb_apu04/handlers/environment.go:363.15,366.4 2 1
fb_apu04/handlers/environment.go:368.3,369.17 2 1
fb_apu04/handlers/environment.go:369.17,372.4 2 0
fb_apu04/handlers/environment.go:373.3,373.31 1 0
fb_apu04/handlers/erp_bridge.go:68.71,70.9 2 1
fb_apu04/handlers/erp_bridge.go:70.9,72.3 1 1
fb_apu04/handlers/erp_bridge.go:73.2,74.72 2 0
fb_apu04/handlers/erp_bridge.go:79.58,80.54 1 1
fb_apu04/handlers/erp_bridge.go:80.54,84.17 3 1
fb_apu04/handlers/erp_bridge.go:84.17,87.4 2 1
fb_apu04/handlers/erp_bridge.go:89.3,89.19 1 0
fb_apu04/handlers/erp_bridge.go:90.23,105.28 5 0
fb_apu04/handlers/erp_bridge.go:105.28,115.5 1 0
fb_apu04/handlers/erp_bridge.go:115.10,115.25 1 0
fb_apu04/handlers/erp_bridge.go:115.25,118.5 2 0
fb_apu04/handlers/erp_bridge.go:118.10,120.22 2 0
fb_apu04/handlers/erp_bridge.go:120.22,122.6 1 0
fb_apu04/handlers/erp_bridge.go:122.11,124.6 1 0
fb_apu04/handlers/erp_bridge.go:125.5,125.25 1 0
fb_apu04/handlers/erp_bridge.go:125.25,127.6 1 0
fb_apu04/handlers/erp_bridge.go:128.5,129.24 2 0
fb_apu04/handlers/erp_bridge.go:129.24,131.6 1 0
fb_apu04/handlers/erp_bridge.go:132.5,132.28 1 0
fb_apu04/handlers/erp_bridge.go:132.28,134.6 1 0
fb_apu04/handlers/erp_bridge.go:135.5,136.44 2 0
fb_apu04/handlers/erp_bridge.go:136.44,138.6 1 0
fb_apu04/handlers/erp_bridge.go:140.5,140.34 1 0
fb_apu04/handlers/erp_bridge.go:140.34,142.6 1 0
fb_apu04/handlers/erp_bridge.go:144.4,144.34 1 0
fb_apu04/handlers/erp_bridge.go:146.25,159.63 2 0
fb_apu04/handlers/erp_bridge.go:159.63,162.5 2 0
fb_apu04/handlers/erp_bridge.go:163.4,173.18 2 0
fb_apu04/handlers/erp_bridge.go:173.18,176.5 2 0
fb_apu04/handlers/erp_bridge.go:178.4,178.29 1 0
fb_apu04/handlers/erp_bridge.go:178.29,180.5 1 0
fb_apu04/handlers/erp_bridge.go:181.4,181.60 1 0
fb_apu04/handlers/erp_bridge.go:181.60,182.71 1 0
fb_apu04/handlers/erp_bridge.go:182.71,184.6 1 0
fb_apu04/handlers/erp_bridge.go:186.4,186.32 1 0
fb_apu04/handlers/erp_bridge.go:186.32,187.71 1 0
fb_apu04/handlers/erp_bridge.go:187.71,189.6 1 0
fb_apu04/handlers/erp_bridge.go:191.4,191.56 1 0
fb_apu04/handlers/erp_bridge.go:191.56,192.69 1 0
fb_apu04/handlers/erp_bridge.go:192.69,194.6 1 0
fb_apu04/handlers/erp_bridge.go:196.4,196.26 1 0
fb_apu04/handlers/erp_bridge.go:196.26,198.5 1 0
fb_apu04/handlers/erp_bridge.go:199.4,199.28 1 0
fb_apu04/handlers/erp_bridge.go:199.28,201.5 1 0
fb_apu04/handlers/erp_bridge.go:202.4,202.39 1 0
fb_apu04/handlers/erp_bridge.go:204.11,205.68 1 0
fb_apu04/handlers/erp_bridge.go:213.56,214.54 1 1
fb_apu04/handlers/erp_bridge.go:214.54,218.17 3 1
fb_apu04/handlers/erp_bridge.go:218.17,221.4 2 1
fb_apu04/handlers/erp_bridge.go:223.3,223.19 1 0
fb_apu04/handlers/erp_bridge.go:224.23,233.18 2 0
fb_apu04/handlers/erp_bridge.go:233.18,236.5 2 0
fb_apu04/handlers/erp_bridge.go:237.4,239.20 3 0
fb_apu04/handlers/erp_bridge.go:239.20,245.49 3 0
fb_apu04/handlers/erp_bridge.go:245.49,246.14 1 0
fb_apu04/handlers/erp_bridge.go:248.5,248.29 1 0
fb_apu04/handlers/erp_bridge.go:250.4,250.19 1 0
fb_apu04/handlers/erp_bridge.go:250.19,252.5 1 0
fb_apu04/handlers/erp_bridge.go:253.4,253.88 1 0
fb_apu04/handlers/erp_bridge.go:255.24,261.63 2 0
fb_apu04/handlers/erp_bridge.go:261.63,264.5 2 0
fb_apu04/handlers/erp_bridge.go:265.4,266.20 2 0
fb_apu04/handlers/erp_bridge.go:266.20,268.5 1 0
fb_apu04/handlers/erp_bridge.go:269.4,275.18 3 0
fb_apu04/handlers/erp_bridge.go:275.18,278.5 2 0
fb_apu04/handlers/erp_bridge.go:280.4,286.58 3 0
fb_apu04/handlers/erp_bridge.go:288.26,294.39 2 0
fb_apu04/handlers/erp_bridge.go:296.11,297.68 1 0
fb_apu04/handlers/erp_bridge.go:306.55,307.54 1 1
fb_apu04/handlers/erp_bridge.go:307.54,311.17 3 1
fb_apu04/handlers/erp_bridge.go:311.17,314.4 2 1
fb_apu04/handlers/erp_bridge.go:317.3,321.21 5 0
fb_apu04/handlers/erp_bridge.go:321.21,323.4 1 0
fb_apu04/handlers/erp_bridge.go:325.3,325.18 1 0
fb_apu04/handlers/erp_bridge.go:325.18,328.4 2 0
fb_apu04/handlers/erp_bridge.go:331.3,334.14 3 0
fb_apu04/handlers/erp_bridge.go:334.14,337.4 2 0
fb_apu04/handlers/erp_bridge.go:339.3,339.10 1 0
fb_apu04/handlers/erp_bridge.go:342.58,344.65 2 0
fb_apu04/handlers/erp_bridge.go:344.65,347.5 2 0
fb_apu04/handlers/erp_bridge.go:348.4,348.31 1 0
fb_apu04/handlers/erp_bridge.go:348.31,350.21 2 0
fb_apu04/handlers/erp_bridge.go:350.21,352.6 1 0
fb_apu04/handlers/erp_bridge.go:353.5,358.55 1 0
fb_apu04/handlers/erp_bridge.go:360.4,360.37 1 0
fb_apu04/handlers/erp_bridge.go:363.54,371.63 2 0
fb_apu04/handlers/erp_bridge.go:371.63,374.5 2 0
fb_apu04/handlers/erp_bridge.go:375.4,376.31 2 0
fb_apu04/handlers/erp_bridge.go:376.31,381.5 1 0
fb_apu04/handlers/erp_bridge.go:381.10,381.40 1 0
fb_apu04/handlers/erp_bridge.go:381.40,387.5 1 0
fb_apu04/handlers/erp_bridge.go:387.10,388.25 1 0
fb_apu04/handlers/erp_bridge.go:388.25,390.6 1 0
fb_apu04/handlers/erp_bridge.go:391.5,401.34 1 0
fb_apu04/handlers/erp_bridge.go:403.4,403.22 1 0
fb_apu04/handlers/erp_bridge.go:403.22,406.5 2 0
fb_apu04/handlers/erp_bridge.go:408.4,408.29 1 0
fb_apu04/handlers/erp_bridge.go:408.29,410.5 1 0
fb_apu04/handlers/erp_bridge.go:411.4,411.39 1 0
fb_apu04/handlers/erp_bridge.go:414.52,424.18 4 0
fb_apu04/handlers/erp_bridge.go:424.18,427.5 2 0
fb_apu04/handlers/erp_bridge.go:428.4,434.20 2 0
fb_apu04/handlers/erp_bridge.go:434.20,436.22 2 0
fb_apu04/handlers/erp_bridge.go:436.22,443.6 4 0
fb_apu04/handlers/erp_bridge.go:445.4,445.24 1 0
fb_apu04/handlers/erp_bridge.go:445.24,447.5 1 0
fb_apu04/handlers/erp_bridge.go:448.4,448.34 1 0
fb_apu04/handlers/erp_bridge.go:450.11,451.68 1 0
fb_apu04/handlers/erp_bridge.go:459.62,460.54 1 1
fb_apu04/handlers/erp_bridge.go:460.54,463.17 3 1
fb_apu04/handlers/erp_bridge.go:463.17,466.4 2 1
fb_apu04/handlers/erp_bridge.go:467.3,481.17 2 0
fb_apu04/handlers/erp_bridge.go:481.17,484.4 2 0
fb_apu04/handlers/erp_bridge.go:485.3,487.19 3 0
fb_apu04/handlers/erp_bridge.go:487.19,489.28 2 0
fb_apu04/handlers/erp_bridge.go:489.28,491.5 1 0
fb_apu04/handlers/erp_bridge.go:493.3,493.24 1 0
fb_apu04/handlers/erp_bridge.go:493.24,495.4 1 0
fb_apu04/handlers/erp_bridge.go:496.3,496.73 1 0
fb_apu04/handlers/erp_bridge.go:504.71,505.54 1 1
fb_apu04/handlers/erp_bridge.go:505.54,506.34 1 1
fb_apu04/handlers/erp_bridge.go:506.34,509.4 2 1
fb_apu04/handlers/erp_bridge.go:510.3,511.17 2 1
fb_apu04/handlers/erp_bridge.go:511.17,514.4 2 1
fb_apu04/handlers/erp_bridge.go:515.3,518.87 2 0
fb_apu04/handlers/erp_bridge.go:518.87,521.4 2 0
fb_apu04/handlers/erp_bridge.go:522.3,522.35 1 0
fb_apu04/handlers/erp_bridge.go:522.35,528.4 1 0
fb_apu04/handlers/erp_bridge.go:529.3,529.38 1 0
fb_apu04/handlers/erp_bridge.go:537.66,538.54 1 1
fb_apu04/handlers/erp_bridge.go:538.54,539.34 1 1
fb_apu04/handlers/erp_bridge.go:539.34,542.4 2 1
fb_apu04/handlers/erp_bridge.go:543.3,545.17 3 1
fb_apu04/handlers/erp_bridge.go:545.17,548.4 2 1
fb_apu04/handlers/erp_bridge.go:550.3,551.43 2 0
fb_apu04/handlers/erp_bridge.go:551.43,554.4 2 0
fb_apu04/handlers/erp_bridge.go:555.3,559.20 5 0
fb_apu04/handlers/erp_bridge.go:559.20,562.4 2 0
fb_apu04/handlers/erp_bridge.go:563.3,568.63 2 0
fb_apu04/handlers/erp_bridge.go:576.59,577.71 1 1
fb_apu04/handlers/erp_bridge.go:577.71,578.33 1 1
fb_apu04/handlers/erp_bridge.go:578.33,581.4 2 1
fb_apu04/handlers/erp_bridge.go:582.3,584.19 3 1
fb_apu04/handlers/erp_bridge.go:584.19,587.4 2 1
fb_apu04/handlers/erp_bridge.go:588.3,596.27 5 0
fb_apu04/handlers/erp_bridge.go:596.27,599.4 2 0
fb_apu04/handlers/erp_bridge.go:600.3,600.17 1 0
fb_apu04/handlers/erp_bridge.go:600.17,603.4 2 0
fb_apu04/handlers/erp_bridge.go:604.3,612.23 2 0
fb_apu04/handlers/erp_bridge.go:612.23,614.4 1 0
fb_apu04/handlers/erp_bridge.go:615.3,615.56 1 0
fb_apu04/handlers/erp_bridge.go:615.56,617.4 1 0
fb_apu04/handlers/erp_bridge.go:618.3,618.56 1 0
fb_apu04/handlers/erp_bridge.go:618.56,620.4 1 0
fb_apu04/handlers/erp_bridge.go:621.3,621.52 1 0
fb_apu04/handlers/erp_bridge.go:621.52,623.4 1 0
fb_apu04/handlers/erp_bridge.go:624.3,624.20 1 0
fb_apu04/handlers/erp_bridge.go:624.20,626.4 1 0
fb_apu04/handlers/erp_bridge.go:627.3,627.48 1 0
fb_apu04/handlers/erp_bridge.go:627.48,629.4 1 0
fb_apu04/handlers/erp_bridge.go:630.3,630.36 1 0
fb_apu04/handlers/erp_bridge.go:638.59,639.54 1 1
fb_apu04/handlers/erp_bridge.go:639.54,641.34 2 1
fb_apu04/handlers/erp_bridge.go:641.34,644.4 2 1
fb_apu04/handlers/erp_bridge.go:645.3,646.17 2 1
fb_apu04/handlers/erp_bridge.go:646.17,649.4 2 1
fb_apu04/handlers/erp_bridge.go:650.3,657.104 2 0
fb_apu04/handlers/erp_bridge.go:657.104,660.4 2 0
fb_apu04/handlers/erp_bridge.go:661.3,668.14 3 0
fb_apu04/handlers/erp_bridge.go:668.14,671.4 2 0
fb_apu04/handlers/erp_bridge.go:672.3,673.33 2 0
fb_apu04/handlers/erp_bridge.go:673.33,677.4 3 0
fb_apu04/handlers/erp_bridge.go:678.3,685.17 3 0
fb_apu04/handlers/erp_bridge.go:685.17,689.4 3 0
fb_apu04/handlers/erp_bridge.go:690.3,691.78 2 0
fb_apu04/handlers/erp_bridge.go:698.59,699.54 1 1
fb_apu04/handlers/erp_bridge.go:699.54,702.17 3 1
fb_apu04/handlers/erp_bridge.go:702.17,705.4 2 1
fb_apu04/handlers/erp_bridge.go:706.3,714.17 2 0
fb_apu04/handlers/erp_bridge.go:714.17,717.4 2 0
fb_apu04/handlers/erp_bridge.go:718.3,728.19 4 0
fb_apu04/handlers/erp_bridge.go:728.19,730.111 2 0
fb_apu04/handlers/erp_bridge.go:730.111,732.5 1 0
fb_apu04/handlers/erp_bridge.go:734.3,734.19 1 0
fb_apu04/handlers/erp_bridge.go:734.19,736.4 1 0
fb_apu04/handlers/erp_bridge.go:737.3,737.68 1 0
fb_apu04/handlers/erp_bridge.go:745.57,746.71 1 1
fb_apu04/handlers/erp_bridge.go:746.71,748.34 2 1
fb_apu04/handlers/erp_bridge.go:748.34,751.4 2 1
fb_apu04/handlers/erp_bridge.go:754.3,755.19 2 1
fb_apu04/handlers/erp_bridge.go:755.19,758.4 2 1
fb_apu04/handlers/erp_bridge.go:759.3,766.27 5 0
fb_apu04/handlers/erp_bridge.go:766.27,769.4 2 0
fb_apu04/handlers/erp_bridge.go:770.3,770.17 1 0
fb_apu04/handlers/erp_bridge.go:770.17,773.4 2 0
fb_apu04/handlers/erp_bridge.go:776.3,791.63 3 0
fb_apu04/handlers/erp_bridge_batch.go:77.63,78.54 1 1
fb_apu04/handlers/erp_bridge_batch.go:78.54,81.37 2 1
fb_apu04/handlers/erp_bridge_batch.go:81.37,84.4 2 0
fb_apu04/handlers/erp_bridge_batch.go:86.3,86.34 1 1
fb_apu04/handlers/erp_bridge_batch.go:86.34,89.4 2 1
fb_apu04/handlers/erp_bridge_batch.go:92.3,93.19 2 1
fb_apu04/handlers/erp_bridge_batch.go:93.19,96.4 2 1
fb_apu04/handlers/erp_bridge_batch.go:97.3,104.27 5 0
fb_apu04/handlers/erp_bridge_batch.go:104.27,107.4 2 0
fb_apu04/handlers/erp_bridge_batch.go:108.3,108.17 1 0
fb_apu04/handlers/erp_bridge_batch.go:108.17,112.4 3 0
fb_apu04/handlers/erp_bridge_batch.go:115.3,116.62 2 0
fb_apu04/handlers/erp_bridge_batch.go:116.62,119.4 2 0
fb_apu04/handlers/erp_bridge_batch.go:121.3,121.30 1 0
fb_apu04/handlers/erp_bridge_batch.go:121.30,124.4 2 0
fb_apu04/handlers/erp_bridge_batch.go:126.3,128.37 2 0
fb_apu04/handlers/erp_bridge_batch.go:128.37,129.28 1 0
fb_apu04/handlers/erp_bridge_batch.go:129.28,133.13 3 0
fb_apu04/handlers/erp_bridge_batch.go:136.4,142.11 5 0
fb_apu04/handlers/erp_bridge_batch.go:143.23,144.28 1 0
fb_apu04/handlers/erp_bridge_batch.go:144.28,146.14 2 0
fb_apu04/handlers/erp_bridge_batch.go:149.5,149.74 1 0
fb_apu04/handlers/erp_bridge_batch.go:151.52,153.90 1 0
fb_apu04/handlers/erp_bridge_batch.go:153.90,155.14 2 0
fb_apu04/handlers/erp_bridge_batch.go:158.5,158.76 1 0
fb_apu04/handlers/erp_bridge_batch.go:160.52,162.76 1 0
fb_apu04/handlers/erp_bridge_batch.go:164.12,168.13 3 0
fb_apu04/handlers/erp_bridge_batch.go:171.4,171.24 1 0
fb_apu04/handlers/erp_bridge_batch.go:171.24,176.5 3 0
fb_apu04/handlers/erp_bridge_batch.go:176.10,177.17 1 0
fb_apu04/handlers/erp_bridge_batch.go:177.17,179.6 1 0
fb_apu04/handlers/erp_bridge_batch.go:179.11,181.6 1 0
fb_apu04/handlers/erp_bridge_batch.go:183.5,183.31 1 0
fb_apu04/handlers/erp_bridge_batch.go:183.31,184.23 1 0
fb_apu04/handlers/erp_bridge_batch.go:184.23,186.7 1 0
fb_apu04/handlers/erp_bridge_batch.go:186.12,188.7 1 0
fb_apu04/handlers/erp_bridge_batch.go:193.3,195.36 2 0
fb_apu04/handlers/erp_bridge_batch.go:199.99,202.22 3 0
fb_apu04/handlers/erp_bridge_batch.go:202.22,202.41 1 0
fb_apu04/handlers/erp_bridge_batch.go:203.2,271.16 4 0
fb_apu04/handlers/erp_bridge_batch.go:271.16,273.3 1 0
fb_apu04/handlers/erp_bridge_batch.go:274.2,275.19 2 0
fb_apu04/handlers/erp_bridge_batch.go:278.101,281.22 3 0
fb_apu04/handlers/erp_bridge_batch.go:281.22,281.41 1 0
fb_apu04/handlers/erp_bridge_batch.go:283.2,351.16 4 0
fb_apu04/handlers/erp_bridge_batch.go:351.16,353.3 1 0
fb_apu04/handlers/erp_bridge_batch.go:354.2,355.19 2 0
fb_apu04/handlers/erp_bridge_batch.go:358.101,361.22 3 0
fb_apu04/handlers/erp_bridge_batch.go:361.22,361.41 1 0
fb_apu04/handlers/erp_bridge_batch.go:362.2,387.16 2 0
fb_apu04/handlers/erp_bridge_batch.go:387.16,389.3 1 0
fb_apu04/handlers/erp_bridge_batch.go:390.2,391.19 2 0
fb_apu04/handlers/erp_bridge_batch.go:395.63,396.68 1 0
fb_apu04/handlers/erp_bridge_batch.go:396.68,398.3 1 0
fb_apu04/handlers/erp_bridge_batch.go:399.2,404.65 1 0
fb_apu04/handlers/erp_bridge_batch.go:408.37,410.13 2 1
fb_apu04/handlers/erp_bridge_batch.go:410.13,412.3 1 1
fb_apu04/handlers/erp_bridge_batch.go:413.2,413.10 1 1
fb_apu04/handlers/erp_bridge_batch.go:417.36,419.13 2 1
fb_apu04/handlers/erp_bridge_batch.go:419.13,421.3 1 1
fb_apu04/handlers/erp_bridge_batch.go:422.2,422.10 1 1
fb_apu04/handlers/erp_bridge_parceiros.go:34.65,35.54 1 1
fb_apu04/handlers/erp_bridge_parceiros.go:35.54,38.37 2 1
fb_apu04/handlers/erp_bridge_parceiros.go:38.37,41.4 2 1
fb_apu04/handlers/erp_bridge_parceiros.go:42.3,42.34 1 1
fb_apu04/handlers/erp_bridge_parceiros.go:42.34,45.4 2 1
fb_apu04/handlers/erp_bridge_parceiros.go:48.3,49.19 2 1
fb_apu04/handlers/erp_bridge_parceiros.go:49.19,52.4 2 1
fb_apu04/handlers/erp_bridge_parceiros.go:53.3,60.27 5 0
fb_apu04/handlers/erp_bridge_parceiros.go:60.27,63.4 2 0
fb_apu04/handlers/erp_bridge_parceiros.go:64.3,64.17 1 0
fb_apu04/handlers/erp_bridge_parceiros.go:64.17,68.4 3 0
fb_apu04/handlers/erp_bridge_parceiros.go:71.3,72.62 2 0
fb_apu04/handlers/erp_bridge_parceiros.go:72.62,75.4 2 0
fb_apu04/handlers/erp_bridge_parceiros.go:77.3,78.35 2 0
fb_apu04/handlers/erp_bridge_parceiros.go:78.35,81.18 3 0
fb_apu04/handlers/erp_bridge_parceiros.go:81.18,82.13 1 0
fb_apu04/handlers/erp_bridge_parceiros.go:84.4,88.18 2 0
fb_apu04/handlers/erp_bridge_parceiros.go:88.18,90.13 2 0
fb_apu04/handlers/erp_bridge_parceiros.go:92.4,92.14 1 0
fb_apu04/handlers/erp_bridge_parceiros.go:95.3,96.69 2 0
fb_apu04/handlers/filiais.go:20.53,21.54 1 1
fb_apu04/handlers/filiais.go:21.54,26.10 4 1
fb_apu04/handlers/filiais.go:26.10,29.4 2 1
fb_apu04/handlers/filiais.go:30.3,33.17 3 1
fb_apu04/handlers/filiais.go:33.17,36.4 2 0
fb_apu04/handlers/filiais.go:38.3,47.17 2 0
fb_apu04/handlers/filiais.go:47.17,50.4 2 0
fb_apu04/handlers/filiais.go:51.3,54.19 3 0
fb_apu04/handlers/filiais.go:54.19,56.66 2 0
fb_apu04/handlers/filiais.go:56.66,57.13 1 0
fb_apu04/handlers/filiais.go:59.4,59.32 1 0
fb_apu04/handlers/filiais.go:62.3,62.37 1 0
fb_apu04/handlers/filial_apelidos.go:22.57,23.54 1 1
fb_apu04/handlers/filial_apelidos.go:23.54,28.10 4 1
fb_apu04/handlers/filial_apelidos.go:28.10,31.4 2 1
fb_apu04/handlers/filial_apelidos.go:32.3,35.17 3 0
fb_apu04/handlers/filial_apelidos.go:35.17,38.4 2 0
fb_apu04/handlers/filial_apelidos.go:40.3,40.19 1 0
fb_apu04/handlers/filial_apelidos.go:41.23,46.18 2 0
fb_apu04/handlers/filial_apelidos.go:46.18,50.5 3 0
fb_apu04/handlers/filial_apelidos.go:51.4,54.20 3 0
fb_apu04/handlers/filial_apelidos.go:54.20,56.60 2 0
fb_apu04/handlers/filial_apelidos.go:56.60,58.14 2 0
fb_apu04/handlers/filial_apelidos.go:60.5,60.28 1 0
fb_apu04/handlers/filial_apelidos.go:63.4,63.35 1 0
fb_apu04/handlers/filial_apelidos.go:65.26,67.18 2 0
fb_apu04/handlers/filial_apelidos.go:67.18,71.5 3 0
fb_apu04/handlers/filial_apelidos.go:72.4,72.93 1 0
fb_apu04/handlers/filial_apelidos.go:74.11,75.68 1 0
fb_apu04/handlers/filial_apelidos.go:82.63,83.54 1 1
fb_apu04/handlers/filial_apelidos.go:83.54,87.34 3 1
fb_apu04/handlers/filial_apelidos.go:87.34,90.4 2 1
fb_apu04/handlers/filial_apelidos.go:92.3,93.10 2 1
fb_apu04/handlers/filial_apelidos.go:93.10,96.4 2 1
fb_apu04/handlers/filial_apelidos.go:97.3,100.17 3 1
fb_apu04/handlers/filial_apelidos.go:100.17,103.4 2 0
fb_apu04/handlers/filial_apelidos.go:105.3,106.17 2 0
fb_apu04/handlers/filial_apelidos.go:106.17,109.4 2 0
fb_apu04/handlers/filial_apelidos.go:110.3,114.17 3 0
fb_apu04/handlers/filial_apelidos.go:114.17,117.4 2 0
fb_apu04/handlers/filial_apelidos.go:120.3,129.30 7 0
fb_apu04/handlers/filial_apelidos.go:129.30,131.18 2 0
fb_apu04/handlers/filial_apelidos.go:131.18,132.13 1 0
fb_apu04/handlers/filial_apelidos.go:135.4,136.22 2 0
fb_apu04/handlers/filial_apelidos.go:136.22,139.13 3 0
fb_apu04/handlers/filial_apelidos.go:142.4,146.42 3 0
fb_apu04/handlers/filial_apelidos.go:146.42,147.13 1 0
fb_apu04/handlers/filial_apelidos.go:151.4,151.42 1 0
fb_apu04/handlers/filial_apelidos.go:151.42,152.27 1 0
fb_apu04/handlers/filial_apelidos.go:152.27,154.6 1 0
fb_apu04/handlers/filial_apelidos.go:155.5,155.14 1 0
fb_apu04/handlers/filial_apelidos.go:158.4,158.23 1 0
fb_apu04/handlers/filial_apelidos.go:158.23,161.13 3 0
fb_apu04/handlers/filial_apelidos.go:164.4,165.45 2 0
fb_apu04/handlers/filial_apelidos.go:165.45,168.13 3 0
fb_apu04/handlers/filial_apelidos.go:171.4,177.18 2 0
fb_apu04/handlers/filial_apelidos.go:177.18,180.13 3 0
fb_apu04/handlers/filial_apelidos.go:182.4,182.14 1 0
fb_apu04/handlers/filial_apelidos.go:185.3,190.5 2 0
fb_apu04/handlers/forn_simples.go:16.58,17.54 1 1
fb_apu04/handlers/forn_simples.go:17.54,22.17 4 0
fb_apu04/handlers/forn_simples.go:22.17,25.4 2 0
fb_apu04/handlers/forn_simples.go:26.3,29.19 3 0
fb_apu04/handlers/forn_simples.go:29.19,31.45 2 0
fb_apu04/handlers/forn_simples.go:31.45,34.5 2 0
fb_apu04/handlers/forn_simples.go:35.4,35.26 1 0
fb_apu04/handlers/forn_simples.go:38.3,38.18 1 0
fb_apu04/handlers/forn_simples.go:38.18,40.4 1 0
fb_apu04/handlers/forn_simples.go:42.3,42.34 1 0
fb_apu04/handlers/forn_simples.go:46.60,47.54 1 1
fb_apu04/handlers/forn_simples.go:47.54,51.25 3 1
fb_apu04/handlers/forn_simples.go:51.25,54.4 2 1
fb_apu04/handlers/forn_simples.go:56.3,57.60 2 1
fb_apu04/handlers/forn_simples.go:57.60,60.4 2 1
fb_apu04/handlers/forn_simples.go:63.3,63.41 1 1
fb_apu04/handlers/forn_simples.go:63.41,64.28 1 1
fb_apu04/handlers/forn_simples.go:64.28,66.5 1 1
fb_apu04/handlers/forn_simples.go:67.4,67.13 1 0
fb_apu04/handlers/forn_simples.go:70.3,70.22 1 1
fb_apu04/handlers/forn_simples.go:70.22,73.4 2 1
fb_apu04/handlers/forn_simples.go:75.3,76.17 2 0
fb_apu04/handlers/forn_simples.go:76.17,79.4 2 0
fb_apu04/handlers/forn_simples.go:81.3,82.99 2 0
fb_apu04/handlers/forn_simples.go:86.60,87.54 1 1
fb_apu04/handlers/forn_simples.go:87.54,91.27 3 1
fb_apu04/handlers/forn_simples.go:91.27,94.4 2 1
fb_apu04/handlers/forn_simples.go:96.3,97.17 2 1
fb_apu04/handlers/forn_simples.go:97.17,100.4 2 1
fb_apu04/handlers/forn_simples.go:103.3,103.40 1 0
fb_apu04/handlers/forn_simples.go:103.40,104.28 1 0
fb_apu04/handlers/forn_simples.go:104.28,106.5 1 0
fb_apu04/handlers/forn_simples.go:107.4,107.13 1 0
fb_apu04/handlers/forn_simples.go:110.3,111.17 2 0
fb_apu04/handlers/forn_simples.go:111.17,114.4 2 0
fb_apu04/handlers/forn_simples.go:116.3,117.24 2 0
fb_apu04/handlers/forn_simples.go:117.24,120.4 2 0
fb_apu04/handlers/forn_simples.go:122.3,123.87 2 0
fb_apu04/handlers/forn_simples.go:127.60,128.54 1 1
fb_apu04/handlers/forn_simples.go:128.54,132.25 3 1
fb_apu04/handlers/forn_simples.go:132.25,135.4 2 1
fb_apu04/handlers/forn_simples.go:137.3,138.17 2 1
fb_apu04/handlers/forn_simples.go:138.17,141.4 2 1
fb_apu04/handlers/forn_simples.go:142.3,149.17 6 0
fb_apu04/handlers/forn_simples.go:149.17,152.4 2 0
fb_apu04/handlers/forn_simples.go:154.3,155.17 2 0
fb_apu04/handlers/forn_simples.go:155.17,159.4 3 0
fb_apu04/handlers/forn_simples.go:160.3,163.7 3 0
fb_apu04/handlers/forn_simples.go:163.7,165.21 2 0
fb_apu04/handlers/forn_simples.go:165.21,166.10 1 0
fb_apu04/handlers/forn_simples.go:168.4,168.18 1 0
fb_apu04/handlers/forn_simples.go:168.18,172.5 3 0
fb_apu04/handlers/forn_simples.go:174.4,174.23 1 0
fb_apu04/handlers/forn_simples.go:174.23,175.13 1 0
fb_apu04/handlers/forn_simples.go:178.4,180.42 2 0
fb_apu04/handlers/forn_simples.go:180.42,181.13 1 0
fb_apu04/handlers/forn_simples.go:185.4,185.42 1 0
fb_apu04/handlers/forn_simples.go:185.42,186.29 1 0
fb_apu04/handlers/forn_simples.go:186.29,188.6 1 0
fb_apu04/handlers/forn_simples.go:189.5,189.14 1 0
fb_apu04/handlers/forn_simples.go:192.4,192.23 1 0
fb_apu04/handlers/forn_simples.go:192.23,194.13 1 0
fb_apu04/handlers/forn_simples.go:197.4,198.18 2 0
fb_apu04/handlers/forn_simples.go:198.18,202.5 3 0
fb_apu04/handlers/forn_simples.go:203.4,203.11 1 0
fb_apu04/handlers/forn_simples.go:206.3,206.37 1 0
fb_apu04/handlers/forn_simples.go:206.37,209.4 2 0
fb_apu04/handlers/forn_simples.go:211.3,215.5 2 0
fb_apu04/handlers/hierarchy.go:21.59,22.54 1 1
fb_apu04/handlers/hierarchy.go:22.54,24.19 2 1
fb_apu04/handlers/hierarchy.go:24.19,27.4 2 1
fb_apu04/handlers/hierarchy.go:30.3,32.17 3 1
fb_apu04/handlers/hierarchy.go:32.17,33.28 1 0
fb_apu04/handlers/hierarchy.go:33.28,36.5 2 0
fb_apu04/handlers/hierarchy.go:37.4,38.10 2 0
fb_apu04/handlers/hierarchy.go:42.3,44.17 3 0
fb_apu04/handlers/hierarchy.go:44.17,47.4 2 0
fb_apu04/handlers/hierarchy.go:50.3,52.41 3 0
fb_apu04/handlers/hierarchy.go:52.42,54.4 0 0
fb_apu04/handlers/hierarchy.go:57.3,59.21 2 0
fb_apu04/handlers/hierarchy.go:59.21,70.42 2 0
fb_apu04/handlers/hierarchy.go:70.43,72.5 0 0
fb_apu04/handlers/hierarchy.go:76.3,77.23 2 0
fb_apu04/handlers/hierarchy.go:77.23,86.18 2 0
fb_apu04/handlers/hierarchy.go:86.18,88.21 2 0
fb_apu04/handlers/hierarchy.go:88.21,92.54 4 0
fb_apu04/handlers/hierarchy.go:92.54,93.22 1 0
fb_apu04/handlers/hierarchy.go:93.22,97.8 3 0
fb_apu04/handlers/hierarchy.go:103.3,109.27 2 0
fb_apu04/handlers/hierarchy.go:109.27,111.4 1 0
fb_apu04/handlers/hierarchy.go:113.3,114.34 2 0
fb_apu04/handlers/job.go:33.61,34.54 1 1
fb_apu04/handlers/job.go:34.54,38.24 3 1
fb_apu04/handlers/job.go:38.24,41.4 2 1
fb_apu04/handlers/job.go:44.3,45.10 2 1
fb_apu04/handlers/job.go:45.10,48.4 2 1
fb_apu04/handlers/job.go:49.3,52.17 3 0
fb_apu04/handlers/job.go:52.17,55.4 2 0
fb_apu04/handlers/job.go:57.3,59.25 2 0
fb_apu04/handlers/job.go:59.25,62.4 2 0
fb_apu04/handlers/job.go:63.3,72.17 6 0
fb_apu04/handlers/job.go:72.17,75.4 2 0
fb_apu04/handlers/job.go:76.3,76.14 1 0
fb_apu04/handlers/job.go:76.14,79.4 2 0
fb_apu04/handlers/job.go:81.3,87.17 2 0
fb_apu04/handlers/job.go:87.17,90.4 2 0
fb_apu04/handlers/job.go:91.3,94.19 3 0
fb_apu04/handlers/job.go:94.19,96.88 2 0
fb_apu04/handlers/job.go:96.88,97.13 1 0
fb_apu04/handlers/job.go:99.4,99.42 1 0
fb_apu04/handlers/job.go:102.3,102.42 1 0
fb_apu04/handlers/job.go:106.51,107.54 1 1
fb_apu04/handlers/job.go:107.54,111.24 3 1
fb_apu04/handlers/job.go:111.24,114.4 2 1
fb_apu04/handlers/job.go:117.3,118.10 2 1
fb_apu04/handlers/job.go:118.10,121.4 2 1
fb_apu04/handlers/job.go:122.3,125.17 3 0
fb_apu04/handlers/job.go:125.17,128.4 2 0
fb_apu04/handlers/job.go:131.3,141.17 4 0
fb_apu04/handlers/job.go:141.17,144.4 2 0
fb_apu04/handlers/job.go:145.3,148.19 3 0
fb_apu04/handlers/job.go:148.19,150.119 2 0
fb_apu04/handlers/job.go:150.119,151.13 1 0
fb_apu04/handlers/job.go:153.4,153.28 1 0
fb_apu04/handlers/job.go:156.3,156.34 1 0
fb_apu04/handlers/job.go:160.55,161.54 1 1
fb_apu04/handlers/job.go:161.54,166.24 3 1
fb_apu04/handlers/job.go:166.24,169.4 2 1
fb_apu04/handlers/job.go:172.3,173.10 2 1
fb_apu04/handlers/job.go:173.10,176.4 2 1
fb_apu04/handlers/job.go:177.3,180.17 3 0
fb_apu04/handlers/job.go:180.17,183.4 2 0
fb_apu04/handlers/job.go:187.3,188.25 2 0
fb_apu04/handlers/job.go:188.25,191.4 2 0
fb_apu04/handlers/job.go:192.3,202.27 7 0
fb_apu04/handlers/job.go:202.27,205.4 2 0
fb_apu04/handlers/job.go:205.9,205.24 1 0
fb_apu04/handlers/job.go:205.24,208.4 2 0
fb_apu04/handlers/job.go:210.3,211.33 2 0
fb_apu04/handlers/job.go:215.52,216.54 1 1
fb_apu04/handlers/job.go:216.54,221.28 4 1
fb_apu04/handlers/job.go:221.28,224.4 2 1
fb_apu04/handlers/job.go:225.3,225.25 1 1
fb_apu04/handlers/job.go:225.25,228.4 2 1
fb_apu04/handlers/job.go:230.3,231.10 2 1
fb_apu04/handlers/job.go:231.10,234.4 2 1
fb_apu04/handlers/job.go:235.3,238.17 3 0
fb_apu04/handlers/job.go:238.17,241.4 2 0
fb_apu04/handlers/job.go:244.3,245.25 2 0
fb_apu04/handlers/job.go:245.25,248.4 2 0
fb_apu04/handlers/job.go:249.3,256.17 3 0
fb_apu04/handlers/job.go:256.17,259.4 2 0
fb_apu04/handlers/job.go:261.3,262.16 2 0
fb_apu04/handlers/job.go:262.16,265.4 2 0
fb_apu04/handlers/job.go:267.3,268.112 2 0
fb_apu04/handlers/managers.go:27.55,28.54 1 1
fb_apu04/handlers/managers.go:28.54,33.10 4 1
fb_apu04/handlers/managers.go:33.10,36.4 2 1
fb_apu04/handlers/managers.go:37.3,40.17 3 1
fb_apu04/handlers/managers.go:40.17,43.4 2 0
fb_apu04/handlers/managers.go:45.3,51.17 2 0
fb_apu04/handlers/managers.go:51.17,54.4 2 0
fb_apu04/handlers/managers.go:55.3,58.19 3 0
fb_apu04/handlers/managers.go:58.19,60.132 2 0
fb_apu04/handlers/managers.go:60.132,63.5 2 0
fb_apu04/handlers/managers.go:64.4,64.34 1 0
fb_apu04/handlers/managers.go:67.3,70.5 1 0
fb_apu04/handlers/managers.go:75.56,76.54 1 1
fb_apu04/handlers/managers.go:76.54,80.34 3 1
fb_apu04/handlers/managers.go:80.34,83.4 2 1
fb_apu04/handlers/managers.go:85.3,86.10 2 1
fb_apu04/handlers/managers.go:86.10,89.4 2 1
fb_apu04/handlers/managers.go:90.3,93.17 3 0
fb_apu04/handlers/managers.go:93.17,96.4 2 0
fb_apu04/handlers/managers.go:98.3,103.62 2 0
fb_apu04/handlers/managers.go:103.62,106.4 2 0
fb_apu04/handlers/managers.go:109.3,113.29 4 0
fb_apu04/handlers/managers.go:113.29,115.4 1 0
fb_apu04/handlers/managers.go:115.9,115.29 1 0
fb_apu04/handlers/managers.go:115.29,118.4 2 0
fb_apu04/handlers/managers.go:119.3,119.59 1 0
fb_apu04/handlers/managers.go:119.59,122.4 2 0
fb_apu04/handlers/managers.go:125.3,127.27 3 0
fb_apu04/handlers/managers.go:127.27,130.4 2 0
fb_apu04/handlers/managers.go:133.3,139.17 3 0
fb_apu04/handlers/managers.go:139.17,142.4 2 0
fb_apu04/handlers/managers.go:145.3,150.17 3 0
fb_apu04/handlers/managers.go:150.17,153.4 2 0
fb_apu04/handlers/managers.go:155.3,156.31 2 0
fb_apu04/handlers/managers.go:161.56,162.54 1 1
fb_apu04/handlers/managers.go:162.54,166.65 3 1
fb_apu04/handlers/managers.go:166.65,169.4 2 1
fb_apu04/handlers/managers.go:171.3,172.10 2 1
fb_apu04/handlers/managers.go:172.10,175.4 2 1
fb_apu04/handlers/managers.go:176.3,179.17 3 1
fb_apu04/handlers/managers.go:179.17,182.4 2 0
fb_apu04/handlers/managers.go:185.3,187.22 3 0
fb_apu04/handlers/managers.go:187.22,190.4 2 0
fb_apu04/handlers/managers.go:192.3,198.62 2 0
fb_apu04/handlers/managers.go:198.62,201.4 2 0
fb_apu04/handlers/managers.go:204.3,206.27 3 0
fb_apu04/handlers/managers.go:206.27,209.4 2 0
fb_apu04/handlers/managers.go:210.3,210.17 1 0
fb_apu04/handlers/managers.go:210.17,213.4 2 0
fb_apu04/handlers/managers.go:214.3,214.37 1 0
fb_apu04/handlers/managers.go:214.37,217.4 2 0
fb_apu04/handlers/managers.go:220.3,224.29 4 0
fb_apu04/handlers/managers.go:224.29,229.4 4 0
fb_apu04/handlers/managers.go:230.3,230.22 1 0
fb_apu04/handlers/managers.go:230.22,235.4 4 0
fb_apu04/handlers/managers.go:236.3,236.22 1 0
fb_apu04/handlers/managers.go:236.22,238.41 2 0
fb_apu04/handlers/managers.go:238.41,241.5 2 0
fb_apu04/handlers/managers.go:242.4,244.12 3 0
fb_apu04/handlers/managers.go:246.3,246.23 1 0
fb_apu04/handlers/managers.go:246.23,250.4 3 0
fb_apu04/handlers/managers.go:252.3,252.24 1 0
fb_apu04/handlers/managers.go:252.24,255.4 2 0
fb_apu04/handlers/managers.go:257.3,261.17 4 0
fb_apu04/handlers/managers.go:261.17,264.4 2 0
fb_apu04/handlers/managers.go:267.3,272.17 3 0
fb_apu04/handlers/managers.go:272.17,275.4 2 0
fb_apu04/handlers/managers.go:277.3,277.31 1 0
fb_apu04/handlers/managers.go:282.56,283.54 1 1
fb_apu04/handlers/managers.go:283.54,287.36 3 1
fb_apu04/handlers/managers.go:287.36,290.4 2 1
fb_apu04/handlers/managers.go:292.3,293.10 2 1
fb_apu04/handlers/managers.go:293.10,296.4 2 1
fb_apu04/handlers/managers.go:297.3,300.17 3 0
fb_apu04/handlers/managers.go:300.17,303.4 2 0
fb_apu04/handlers/managers.go:306.3,308.22 3 0
fb_apu04/handlers/managers.go:308.22,311.4 2 0
fb_apu04/handlers/managers.go:314.3,316.27 3 0
fb_apu04/handlers/managers.go:316.27,319.4 2 0
fb_apu04/handlers/managers.go:320.3,320.17 1 0
fb_apu04/handlers/managers.go:320.17,323.4 2 0
fb_apu04/handlers/managers.go:324.3,324.37 1 0
fb_apu04/handlers/managers.go:324.37,327.4 2 0
fb_apu04/handlers/managers.go:330.3,331.17 2 0
fb_apu04/handlers/managers.go:331.17,334.4 2 0
fb_apu04/handlers/managers.go:336.3,336.38 1 0
fb_apu04/handlers/managers.go:341.82,348.16 2 0
fb_apu04/handlers/managers.go:348.16,350.3 1 0
fb_apu04/handlers/managers.go:351.2,354.18 3 0
fb_apu04/handlers/managers.go:354.18,356.131 2 0
fb_apu04/handlers/managers.go:356.131,358.4 1 0
fb_apu04/handlers/managers.go:359.3,359.33 1 0
fb_apu04/handlers/managers.go:362.2,362.22 1 0
fb_apu04/handlers/metrics.go:32.40,37.71 2 1
fb_apu04/handlers/metrics.go:37.71,38.32 1 1
fb_apu04/handlers/metrics.go:38.32,40.4 1 1
fb_apu04/handlers/metrics.go:41.3,41.15 1 1
fb_apu04/handlers/metrics.go:45.2,45.51 1 1
fb_apu04/handlers/metrics.go:45.51,47.3 1 1
fb_apu04/handlers/metrics.go:49.2,49.13 1 1
fb_apu04/handlers/metrics.go:104.49,107.2 2 1
fb_apu04/handlers/metrics.go:118.56,119.71 1 1
fb_apu04/handlers/metrics.go:119.71,136.3 9 1
fb_apu04/handlers/middleware.go:13.42,16.22 3 1
fb_apu04/handlers/middleware.go:16.22,18.3 1 1
fb_apu04/handlers/middleware.go:18.8,28.3 1 1
fb_apu04/handlers/middleware.go:29.2,30.25 2 1
fb_apu04/handlers/middleware.go:30.25,32.3 1 1
fb_apu04/handlers/middleware.go:33.2,33.10 1 1
fb_apu04/handlers/middleware.go:46.47,47.19 1 1
fb_apu04/handlers/middleware.go:47.19,49.3 1 1
fb_apu04/handlers/middleware.go:50.2,57.20 6 1
fb_apu04/handlers/middleware.go:57.20,61.3 3 1
fb_apu04/handlers/middleware.go:64.2,70.44 7 1
fb_apu04/handlers/middleware.go:70.44,78.3 1 1
fb_apu04/handlers/middleware.go:81.54,84.2 2 1
fb_apu04/handlers/middleware.go:86.61,89.2 2 1
fb_apu04/handlers/middleware.go:94.89,95.71 1 1
fb_apu04/handlers/middleware.go:95.71,98.45 3 1
fb_apu04/handlers/middleware.go:98.45,100.4 1 1
fb_apu04/handlers/middleware.go:102.3,108.37 2 1
fb_apu04/handlers/middleware.go:108.37,116.4 7 1
fb_apu04/handlers/middleware.go:118.3,118.25 1 1
fb_apu04/handlers/middleware.go:131.65,137.2 1 1
fb_apu04/handlers/middleware.go:149.47,156.29 6 1
fb_apu04/handlers/middleware.go:156.29,157.29 1 1
fb_apu04/handlers/middleware.go:157.29,159.4 1 1
fb_apu04/handlers/middleware.go:161.2,163.26 2 1
fb_apu04/handlers/middleware.go:163.26,165.3 1 1
fb_apu04/handlers/middleware.go:166.2,167.13 2 1
fb_apu04/handlers/middleware.go:171.51,178.29 6 1
fb_apu04/handlers/middleware.go:178.29,179.29 1 1
fb_apu04/handlers/middleware.go:179.29,181.4 1 1
fb_apu04/handlers/middleware.go:183.2,184.29 2 1
fb_apu04/handlers/middleware.go:188.50,192.2 3 1
fb_apu04/handlers/middleware.go:195.42,199.2 3 1
fb_apu04/handlers/middleware.go:203.42,204.55 1 1
fb_apu04/handlers/middleware.go:204.55,208.3 2 1
fb_apu04/handlers/middleware.go:209.2,209.49 1 1
fb_apu04/handlers/middleware.go:209.49,211.3 1 1
fb_apu04/handlers/middleware.go:212.2,213.50 2 1
fb_apu04/handlers/middleware.go:213.50,215.3 1 1
fb_apu04/handlers/middleware.go:216.2,216.13 1 0
fb_apu04/handlers/nfe_entradas.go:92.60,93.54 1 1
fb_apu04/handlers/nfe_entradas.go:93.54,97.37 3 1
fb_apu04/handlers/nfe_entradas.go:97.37,100.4 2 1
fb_apu04/handlers/nfe_entradas.go:102.3,102.34 1 1
fb_apu04/handlers/nfe_entradas.go:102.34,105.4 2 1
fb_apu04/handlers/nfe_entradas.go:107.3,108.10 2 1
fb_apu04/handlers/nfe_entradas.go:108.10,111.4 2 1
fb_apu04/handlers/nfe_entradas.go:112.3,115.17 3 0
fb_apu04/handlers/nfe_entradas.go:115.17,118.4 2 0
fb_apu04/handlers/nfe_entradas.go:120.3,120.57 1 0
fb_apu04/handlers/nfe_entradas.go:120.57,123.4 2 0
fb_apu04/handlers/nfe_entradas.go:125.3,126.22 2 0
fb_apu04/handlers/nfe_entradas.go:126.22,129.4 2 0
fb_apu04/handlers/nfe_entradas.go:131.3,133.28 2 0
fb_apu04/handlers/nfe_entradas.go:133.28,137.18 3 0
fb_apu04/handlers/nfe_entradas.go:137.18,139.13 2 0
fb_apu04/handlers/nfe_entradas.go:142.4,144.18 3 0
fb_apu04/handlers/nfe_entradas.go:144.18,146.13 2 0
fb_apu04/handlers/nfe_entradas.go:149.4,150.18 2 0
fb_apu04/handlers/nfe_entradas.go:150.18,152.13 2 0
fb_apu04/handlers/nfe_entradas.go:155.4,161.34 3 0
fb_apu04/handlers/nfe_entradas.go:161.34,163.13 2 0
fb_apu04/handlers/nfe_entradas.go:167.4,168.24 2 0
fb_apu04/handlers/nfe_entradas.go:168.24,170.13 2 0
fb_apu04/handlers/nfe_entradas.go:174.4,175.18 2 0
fb_apu04/handlers/nfe_entradas.go:175.18,177.13 2 0
fb_apu04/handlers/nfe_entradas.go:181.4,182.25 2 0
fb_apu04/handlers/nfe_entradas.go:182.25,184.5 1 0
fb_apu04/handlers/nfe_entradas.go:186.4,191.18 5 0
fb_apu04/handlers/nfe_entradas.go:191.18,193.13 2 0
fb_apu04/handlers/nfe_entradas.go:197.4,273.18 3 0
fb_apu04/handlers/nfe_entradas.go:273.18,277.13 4 0
fb_apu04/handlers/nfe_entradas.go:281.4,281.24 1 0
fb_apu04/handlers/nfe_entradas.go:281.24,282.95 1 0
fb_apu04/handlers/nfe_entradas.go:282.95,285.6 1 0
fb_apu04/handlers/nfe_entradas.go:289.4,289.46 1 0
fb_apu04/handlers/nfe_entradas.go:289.46,291.23 2 0
fb_apu04/handlers/nfe_entradas.go:291.23,293.6 1 0
fb_apu04/handlers/nfe_entradas.go:296.4,296.38 1 0
fb_apu04/handlers/nfe_entradas.go:296.38,299.13 3 0
fb_apu04/handlers/nfe_entradas.go:302.4,302.23 1 0
fb_apu04/handlers/nfe_entradas.go:305.3,306.27 2 0
fb_apu04/handlers/nfe_entradas.go:306.27,308.4 1 0
fb_apu04/handlers/nfe_entradas.go:310.3,311.36 2 0
fb_apu04/handlers/nfe_entradas.go:319.58,320.54 1 1
fb_apu04/handlers/nfe_entradas.go:320.54,324.37 3 1
fb_apu04/handlers/nfe_entradas.go:324.37,327.4 2 1
fb_apu04/handlers/nfe_entradas.go:329.3,329.33 1 1
fb_apu04/handlers/nfe_entradas.go:329.33,332.4 2 1
fb_apu04/handlers/nfe_entradas.go:334.3,335.10 2 1
fb_apu04/handlers/nfe_entradas.go:335.10,338.4 2 1
fb_apu04/handlers/nfe_entradas.go:339.3,342.17 3 1
fb_apu04/handlers/nfe_entradas.go:342.17,345.4 2 0
fb_apu04/handlers/nfe_entradas.go:347.3,381.19 8 0
fb_apu04/handlers/nfe_entradas.go:381.19,385.4 3 0
fb_apu04/handlers/nfe_entradas.go:386.3,386.19 1 0
fb_apu04/handlers/nfe_entradas.go:386.19,390.4 3 0
fb_apu04/handlers/nfe_entradas.go:391.3,391.21 1 0
fb_apu04/handlers/nfe_entradas.go:391.21,395.4 3 0
fb_apu04/handlers/nfe_entradas.go:397.3,400.17 3 0
fb_apu04/handlers/nfe_entradas.go:400.17,404.4 3 0
fb_apu04/handlers/nfe_entradas.go:405.3,408.19 3 0
fb_apu04/handlers/nfe_entradas.go:408.19,424.18 3 0
fb_apu04/handlers/nfe_entradas.go:424.18,426.13 2 0
fb_apu04/handlers/nfe_entradas.go:428.4,428.28 1 0
fb_apu04/handlers/nfe_entradas.go:431.3,434.5 1 0
fb_apu04/handlers/nfe_entradas.go:455.62,456.54 1 1
fb_apu04/handlers/nfe_entradas.go:456.54,460.37 3 1
fb_apu04/handlers/nfe_entradas.go:460.37,463.4 2 1
fb_apu04/handlers/nfe_entradas.go:464.3,464.33 1 1
fb_apu04/handlers/nfe_entradas.go:464.33,467.4 2 1
fb_apu04/handlers/nfe_entradas.go:469.3,470.10 2 1
fb_apu04/handlers/nfe_entradas.go:470.10,473.4 2 1
fb_apu04/handlers/nfe_entradas.go:474.3,477.17 3 0
fb_apu04/handlers/nfe_entradas.go:477.17,480.4 2 0
fb_apu04/handlers/nfe_entradas.go:482.3,490.17 2 0
fb_apu04/handlers/nfe_entradas.go:490.17,494.4 3 0
fb_apu04/handlers/nfe_entradas.go:495.3,498.19 3 0
fb_apu04/handlers/nfe_entradas.go:498.19,504.18 2 0
fb_apu04/handlers/nfe_entradas.go:504.18,506.13 2 0
fb_apu04/handlers/nfe_entradas.go:508.4,508.28 1 0
fb_apu04/handlers/nfe_entradas.go:511.3,514.5 1 0
fb_apu04/handlers/nfe_saidas.go:204.34,206.13 2 1
fb_apu04/handlers/nfe_saidas.go:206.13,208.3 1 1
fb_apu04/handlers/nfe_saidas.go:209.2,210.16 2 1
fb_apu04/handlers/nfe_saidas.go:210.16,212.3 1 1
fb_apu04/handlers/nfe_saidas.go:213.2,213.10 1 1
fb_apu04/handlers/nfe_saidas.go:216.39,218.13 2 1
fb_apu04/handlers/nfe_saidas.go:218.13,220.3 1 1
fb_apu04/handlers/nfe_saidas.go:221.2,222.16 2 1
fb_apu04/handlers/nfe_saidas.go:222.16,224.3 1 1
fb_apu04/handlers/nfe_saidas.go:225.2,225.11 1 1
fb_apu04/handlers/nfe_saidas.go:229.75,230.63 1 1
fb_apu04/handlers/nfe_saidas.go:231.31,232.75 1 1
fb_apu04/handlers/nfe_saidas.go:233.28,234.73 1 1
fb_apu04/handlers/nfe_saidas.go:235.10,236.65 1 1
fb_apu04/handlers/nfe_saidas.go:241.49,252.4 3 1
fb_apu04/handlers/nfe_saidas.go:252.4,254.3 1 1
fb_apu04/handlers/nfe_saidas.go:256.2,261.46 4 1
fb_apu04/handlers/nfe_saidas.go:261.46,263.3 1 1
fb_apu04/handlers/nfe_saidas.go:265.2,269.42 4 1
fb_apu04/handlers/nfe_saidas.go:269.42,270.20 1 1
fb_apu04/handlers/nfe_saidas.go:270.20,272.4 1 1
fb_apu04/handlers/nfe_saidas.go:274.3,275.21 2 1
fb_apu04/handlers/nfe_saidas.go:275.21,277.4 1 0
fb_apu04/handlers/nfe_saidas.go:278.3,281.47 4 1
fb_apu04/handlers/nfe_saidas.go:281.47,282.22 1 1
fb_apu04/handlers/nfe_saidas.go:282.22,284.5 1 0
fb_apu04/handlers/nfe_saidas.go:285.4,285.81 1 1
fb_apu04/handlers/nfe_saidas.go:287.3,287.21 1 0
fb_apu04/handlers/nfe_saidas.go:289.2,289.19 1 1
fb_apu04/handlers/nfe_saidas.go:293.54,296.2 2 1
fb_apu04/handlers/nfe_saidas.go:299.41,302.19 2 1
fb_apu04/handlers/nfe_saidas.go:302.19,304.3 1 1
fb_apu04/handlers/nfe_saidas.go:306.2,307.51 2 1
fb_apu04/handlers/nfe_saidas.go:307.51,309.3 1 1
fb_apu04/handlers/nfe_saidas.go:310.2,310.11 1 1
fb_apu04/handlers/nfe_saidas.go:314.58,324.28 5 1
fb_apu04/handlers/nfe_saidas.go:324.28,326.17 2 1
fb_apu04/handlers/nfe_saidas.go:326.17,327.9 1 1
fb_apu04/handlers/nfe_saidas.go:330.2,330.16 1 1
fb_apu04/handlers/nfe_saidas.go:330.16,332.3 1 1
fb_apu04/handlers/nfe_saidas.go:333.2,334.23 2 1
fb_apu04/handlers/nfe_saidas.go:341.101,342.25 1 0
fb_apu04/handlers/nfe_saidas.go:342.25,344.17 2 0
fb_apu04/handlers/nfe_saidas.go:344.17,345.12 1 0
fb_apu04/handlers/nfe_saidas.go:349.3,352.37 4 0
fb_apu04/handlers/nfe_saidas.go:352.37,354.21 2 0
fb_apu04/handlers/nfe_saidas.go:354.21,356.5 1 0
fb_apu04/handlers/nfe_saidas.go:356.10,358.5 1 0
fb_apu04/handlers/nfe_saidas.go:359.4,360.30 2 0
fb_apu04/handlers/nfe_saidas.go:363.3,406.17 2 0
fb_apu04/handlers/nfe_saidas.go:406.17,408.4 1 0
fb_apu04/handlers/nfe_saidas.go:410.2,410.12 1 0
fb_apu04/handlers/nfe_saidas.go:432.58,433.54 1 1
fb_apu04/handlers/nfe_saidas.go:433.54,437.37 3 1
fb_apu04/handlers/nfe_saidas.go:437.37,440.4 2 1
fb_apu04/handlers/nfe_saidas.go:442.3,442.34 1 1
fb_apu04/handlers/nfe_saidas.go:442.34,445.4 2 1
fb_apu04/handlers/nfe_saidas.go:447.3,448.10 2 1
fb_apu04/handlers/nfe_saidas.go:448.10,451.4 2 1
fb_apu04/handlers/nfe_saidas.go:452.3,455.17 3 0
fb_apu04/handlers/nfe_saidas.go:455.17,458.4 2 0
fb_apu04/handlers/nfe_saidas.go:461.3,461.57 1 0
fb_apu04/handlers/nfe_saidas.go:461.57,464.4 2 0
fb_apu04/handlers/nfe_saidas.go:466.3,467.22 2 0
fb_apu04/handlers/nfe_saidas.go:467.22,470.4 2 0
fb_apu04/handlers/nfe_saidas.go:472.3,474.28 2 0
fb_apu04/handlers/nfe_saidas.go:474.28,478.18 3 0
fb_apu04/handlers/nfe_saidas.go:478.18,480.13 2 0
fb_apu04/handlers/nfe_saidas.go:483.4,485.18 3 0
fb_apu04/handlers/nfe_saidas.go:485.18,487.13 2 0
fb_apu04/handlers/nfe_saidas.go:490.4,491.18 2 0
fb_apu04/handlers/nfe_saidas.go:491.18,493.13 2 0
fb_apu04/handlers/nfe_saidas.go:496.4,500.34 3 0
fb_apu04/handlers/nfe_saidas.go:500.34,502.13 2 0
fb_apu04/handlers/nfe_saidas.go:506.4,506.46 1 0
fb_apu04/handlers/nfe_saidas.go:506.46,508.13 2 0
fb_apu04/handlers/nfe_saidas.go:512.4,513.24 2 0
fb_apu04/handlers/nfe_saidas.go:513.24,515.13 2 0
fb_apu04/handlers/nfe_saidas.go:519.4,520.18 2 0
fb_apu04/handlers/nfe_saidas.go:520.18,522.13 2 0
fb_apu04/handlers/nfe_saidas.go:526.4,527.25 2 0
fb_apu04/handlers/nfe_saidas.go:527.25,529.5 1 0
fb_apu04/handlers/nfe_saidas.go:531.4,536.18 5 0
fb_apu04/handlers/nfe_saidas.go:536.18,538.13 2 0
fb_apu04/handlers/nfe_saidas.go:541.4,617.18 3 0
fb_apu04/handlers/nfe_saidas.go:617.18,621.13 4 0
fb_apu04/handlers/nfe_saidas.go:625.4,625.24 1 0
fb_apu04/handlers/nfe_saidas.go:625.24,626.93 1 0
fb_apu04/handlers/nfe_saidas.go:626.93,629.6 1 0
fb_apu04/handlers/nfe_saidas.go:633.4,633.46 1 0
fb_apu04/handlers/nfe_saidas.go:633.46,635.23 2 0
fb_apu04/handlers/nfe_saidas.go:635.23,637.6 1 0
fb_apu04/handlers/nfe_saidas.go:640.4,640.38 1 0
fb_apu04/handlers/nfe_saidas.go:640.38,643.13 3 0
fb_apu04/handlers/nfe_saidas.go:648.4,650.23 2 0
fb_apu04/handlers/nfe_saidas.go:654.3,655.27 2 0
fb_apu04/handlers/nfe_saidas.go:655.27,657.4 1 0
fb_apu04/handlers/nfe_saidas.go:659.3,660.36 2 0
fb_apu04/handlers/nfe_saidas.go:718.56,719.54 1 1
fb_apu04/handlers/nfe_saidas.go:719.54,723.37 3 1
fb_apu04/handlers/nfe_saidas.go:723.37,726.4 2 1
fb_apu04/handlers/nfe_saidas.go:728.3,728.33 1 1
fb_apu04/handlers/nfe_saidas.go:728.33,731.4 2 1
fb_apu04/handlers/nfe_saidas.go:733.3,734.10 2 1
fb_apu04/handlers/nfe_saidas.go:734.10,737.4 2 1
fb_apu04/handlers/nfe_saidas.go:738.3,741.17 3 1
fb_apu04/handlers/nfe_saidas.go:741.17,744.4 2 0
fb_apu04/handlers/nfe_saidas.go:746.3,776.19 7 0
fb_apu04/handlers/nfe_saidas.go:776.19,780.4 3 0
fb_apu04/handlers/nfe_saidas.go:781.3,781.21 1 0
fb_apu04/handlers/nfe_saidas.go:781.21,785.4 3 0
fb_apu04/handlers/nfe_saidas.go:787.3,790.17 3 0
fb_apu04/handlers/nfe_saidas.go:790.17,794.4 3 0
fb_apu04/handlers/nfe_saidas.go:795.3,798.19 3 0
fb_apu04/handlers/nfe_saidas.go:798.19,812.18 3 0
fb_apu04/handlers/nfe_saidas.go:812.18,814.13 2 0
fb_apu04/handlers/nfe_saidas.go:816.4,816.28 1 0
fb_apu04/handlers/nfe_saidas.go:819.3,822.5 1 0
fb_apu04/handlers/report.go:31.63,32.54 1 1
fb_apu04/handlers/report.go:32.54,38.10 4 1
fb_apu04/handlers/report.go:38.10,41.4 2 1
fb_apu04/handlers/report.go:42.3,45.17 3 1
fb_apu04/handlers/report.go:45.17,48.4 2 0
fb_apu04/handlers/report.go:50.3,52.26 3 0
fb_apu04/handlers/report.go:52.26,53.57 1 0
fb_apu04/handlers/report.go:53.57,55.5 1 0
fb_apu04/handlers/report.go:59.3,60.19 2 0
fb_apu04/handlers/report.go:60.19,62.4 1 0
fb_apu04/handlers/report.go:71.3,72.28 2 0
fb_apu04/handlers/report.go:72.28,75.4 1 0
fb_apu04/handlers/report.go:75.9,75.31 1 0
fb_apu04/handlers/report.go:75.31,78.4 1 0
fb_apu04/handlers/report.go:78.9,82.4 1 0
fb_apu04/handlers/report.go:89.3,123.17 3 0
fb_apu04/handlers/report.go:123.17,127.4 3 0
fb_apu04/handlers/report.go:128.3,131.19 3 0
fb_apu04/handlers/report.go:131.19,133.231 2 0
fb_apu04/handlers/report.go:133.231,137.5 3 0
fb_apu04/handlers/report.go:138.4,138.32 1 0
fb_apu04/handlers/report.go:141.3,141.21 1 0
fb_apu04/handlers/report.go:141.21,143.4 1 0
fb_apu04/handlers/report.go:145.3,145.37 1 0
fb_apu04/handlers/report.go:149.62,150.54 1 1
fb_apu04/handlers/report.go:150.54,156.10 4 1
fb_apu04/handlers/report.go:156.10,159.4 2 1
fb_apu04/handlers/report.go:160.3,163.17 3 1
fb_apu04/handlers/report.go:163.17,166.4 2 0
fb_apu04/handlers/report.go:168.3,170.26 3 0
fb_apu04/handlers/report.go:170.26,171.57 1 0
fb_apu04/handlers/report.go:171.57,173.5 1 0
fb_apu04/handlers/report.go:176.3,194.17 3 0
fb_apu04/handlers/report.go:194.17,197.4 2 0
fb_apu04/handlers/report.go:198.3,201.19 3 0
fb_apu04/handlers/report.go:201.19,204.142 2 0
fb_apu04/handlers/report.go:204.142,208.5 3 0
fb_apu04/handlers/report.go:209.4,210.32 2 0
fb_apu04/handlers/report.go:213.3,213.21 1 0
fb_apu04/handlers/report.go:213.21,215.4 1 0
fb_apu04/handlers/report.go:217.3,217.37 1 0
fb_apu04/handlers/report.go:221.59,222.54 1 1
fb_apu04/handlers/report.go:222.54,228.10 4 1
fb_apu04/handlers/report.go:228.10,231.4 2 1
fb_apu04/handlers/report.go:232.3,235.17 3 1
fb_apu04/handlers/report.go:235.17,238.4 2 0
fb_apu04/handlers/report.go:240.3,242.26 3 0
fb_apu04/handlers/report.go:242.26,243.57 1 0
fb_apu04/handlers/report.go:243.57,245.5 1 0
fb_apu04/handlers/report.go:248.3,266.17 3 0
fb_apu04/handlers/report.go:266.17,269.4 2 0
fb_apu04/handlers/report.go:270.3,273.19 3 0
fb_apu04/handlers/report.go:273.19,275.142 2 0
fb_apu04/handlers/report.go:275.142,279.5 3 0
fb_apu04/handlers/report.go:280.4,281.32 2 0
fb_apu04/handlers/report.go:284.3,284.21 1 0
fb_apu04/handlers/report.go:284.21,286.4 1 0
fb_apu04/handlers/report.go:288.3,288.37 1 0
fb_apu04/handlers/report.go:292.64,293.54 1 1
fb_apu04/handlers/report.go:293.54,299.10 4 1
fb_apu04/handlers/report.go:299.10,302.4 2 1
fb_apu04/handlers/report.go:303.3,306.17 3 1
fb_apu04/handlers/report.go:306.17,309.4 2 0
fb_apu04/handlers/report.go:311.3,313.26 3 0
fb_apu04/handlers/report.go:313.26,314.57 1 0
fb_apu04/handlers/report.go:314.57,316.5 1 0
fb_apu04/handlers/report.go:320.3,338.17 3 0
fb_apu04/handlers/report.go:338.17,343.4 3 0
fb_apu04/handlers/report.go:344.3,347.19 3 0
fb_apu04/handlers/report.go:347.19,349.142 2 0
fb_apu04/handlers/report.go:349.142,353.5 3 0
fb_apu04/handlers/report.go:354.4,355.32 2 0
fb_apu04/handlers/report.go:358.3,358.21 1 0
fb_apu04/handlers/report.go:358.21,360.4 1 0
fb_apu04/handlers/report.go:362.3,362.37 1 0
fb_apu04/handlers/rfb_apuracao.go:65.60,66.54 1 1
fb_apu04/handlers/rfb_apuracao.go:66.54,70.34 3 1
fb_apu04/handlers/rfb_apuracao.go:70.34,73.4 2 1
fb_apu04/handlers/rfb_apuracao.go:75.3,76.10 2 1
fb_apu04/handlers/rfb_apuracao.go:76.10,79.4 2 1
fb_apu04/handlers/rfb_apuracao.go:80.3,83.17 3 1
fb_apu04/handlers/rfb_apuracao.go:83.17,86.4 2 0
fb_apu04/handlers/rfb_apuracao.go:89.3,95.27 4 0
fb_apu04/handlers/rfb_apuracao.go:95.27,98.4 2 0
fb_apu04/handlers/rfb_apuracao.go:99.3,99.17 1 0
fb_apu04/handlers/rfb_apuracao.go:99.17,102.4 2 0
fb_apu04/handlers/rfb_apuracao.go:105.3,111.36 3 0
fb_apu04/handlers/rfb_apuracao.go:111.36,114.4 2 0
fb_apu04/handlers/rfb_apuracao.go:117.3,118.24 2 0
fb_apu04/handlers/rfb_apuracao.go:118.24,120.4 1 0
fb_apu04/handlers/rfb_apuracao.go:123.3,126.17 4 0
fb_apu04/handlers/rfb_apuracao.go:126.17,134.4 3 0
fb_apu04/handlers/rfb_apuracao.go:137.3,138.17 2 0
fb_apu04/handlers/rfb_apuracao.go:138.17,145.4 3 0
fb_apu04/handlers/rfb_apuracao.go:148.3,154.17 3 0
fb_apu04/handlers/rfb_apuracao.go:154.17,157.4 2 0
fb_apu04/handlers/rfb_apuracao.go:159.3,165.5 2 0
fb_apu04/handlers/rfb_apuracao.go:170.57,171.54 1 1
fb_apu04/handlers/rfb_apuracao.go:171.54,175.34 3 1
fb_apu04/handlers/rfb_apuracao.go:175.34,178.4 2 1
fb_apu04/handlers/rfb_apuracao.go:180.3,181.10 2 1
fb_apu04/handlers/rfb_apuracao.go:181.10,184.4 2 1
fb_apu04/handlers/rfb_apuracao.go:185.3,188.17 3 1
fb_apu04/handlers/rfb_apuracao.go:188.17,191.4 2 0
fb_apu04/handlers/rfb_apuracao.go:193.3,196.62 2 0
fb_apu04/handlers/rfb_apuracao.go:196.62,199.4 2 0
fb_apu04/handlers/rfb_apuracao.go:202.3,208.27 4 0
fb_apu04/handlers/rfb_apuracao.go:208.27,211.4 2 0
fb_apu04/handlers/rfb_apuracao.go:212.3,212.17 1 0
fb_apu04/handlers/rfb_apuracao.go:212.17,215.4 2 0
fb_apu04/handlers/rfb_apuracao.go:217.3,217.20 1 0
fb_apu04/handlers/rfb_apuracao.go:217.20,220.4 2 0
fb_apu04/handlers/rfb_apuracao.go:222.3,222.55 1 0
fb_apu04/handlers/rfb_apuracao.go:222.55,225.4 2 0
fb_apu04/handlers/rfb_apuracao.go:227.3,227.28 1 0
fb_apu04/handlers/rfb_apuracao.go:227.28,230.4 2 0
fb_apu04/handlers/rfb_apuracao.go:232.3,232.30 1 0
fb_apu04/handlers/rfb_apuracao.go:232.30,235.4 2 0
fb_apu04/handlers/rfb_apuracao.go:238.3,238.13 1 0
fb_apu04/handlers/rfb_apuracao.go:238.13,240.82 2 0
fb_apu04/handlers/rfb_apuracao.go:240.82,242.5 1 0
fb_apu04/handlers/rfb_apuracao.go:245.3,248.5 1 0
fb_apu04/handlers/rfb_apuracao.go:253.56,254.54 1 1
fb_apu04/handlers/rfb_apuracao.go:254.54,256.36 2 1
fb_apu04/handlers/rfb_apuracao.go:256.36,259.4 2 1
fb_apu04/handlers/rfb_apuracao.go:260.3,261.10 2 1
fb_apu04/handlers/rfb_apuracao.go:261.10,264.4 2 1
fb_apu04/handlers/rfb_apuracao.go:265.3,267.17 3 1
fb_apu04/handlers/rfb_apuracao.go:267.17,270.4 2 0
fb_apu04/handlers/rfb_apuracao.go:271.3,278.17 4 0
fb_apu04/handlers/rfb_apuracao.go:278.17,281.4 2 0
fb_apu04/handlers/rfb_apuracao.go:282.3,283.16 2 0
fb_apu04/handlers/rfb_apuracao.go:283.16,286.4 2 0
fb_apu04/handlers/rfb_apuracao.go:287.3,287.38 1 0
fb_apu04/handlers/rfb_apuracao.go:292.54,293.54 1 1
fb_apu04/handlers/rfb_apuracao.go:293.54,295.36 2 1
fb_apu04/handlers/rfb_apuracao.go:295.36,298.4 2 1
fb_apu04/handlers/rfb_apuracao.go:299.3,300.10 2 1
fb_apu04/handlers/rfb_apuracao.go:300.10,303.4 2 1
fb_apu04/handlers/rfb_apuracao.go:304.3,306.17 3 0
fb_apu04/handlers/rfb_apuracao.go:306.17,309.4 2 0
fb_apu04/handlers/rfb_apuracao.go:310.3,311.17 2 0
fb_apu04/handlers/rfb_apuracao.go:311.17,314.4 2 0
fb_apu04/handlers/rfb_apuracao.go:315.3,316.69 2 0
fb_apu04/handlers/rfb_apuracao.go:322.52,323.54 1 1
fb_apu04/handlers/rfb_apuracao.go:323.54,327.34 3 1
fb_apu04/handlers/rfb_apuracao.go:327.34,330.4 2 1
fb_apu04/handlers/rfb_apuracao.go:332.3,333.10 2 1
fb_apu04/handlers/rfb_apuracao.go:333.10,336.4 2 1
fb_apu04/handlers/rfb_apuracao.go:337.3,340.17 3 1
fb_apu04/handlers/rfb_apuracao.go:340.17,343.4 2 0
fb_apu04/handlers/rfb_apuracao.go:345.3,348.62 2 0
fb_apu04/handlers/rfb_apuracao.go:348.62,351.4 2 0
fb_apu04/handlers/rfb_apuracao.go:354.3,357.28 3 0
fb_apu04/handlers/rfb_apuracao.go:357.28,360.4 2 0
fb_apu04/handlers/rfb_apuracao.go:362.3,362.13 1 0
fb_apu04/handlers/rfb_apuracao.go:362.13,363.73 1 0
fb_apu04/handlers/rfb_apuracao.go:363.73,365.5 1 0
fb_apu04/handlers/rfb_apuracao.go:368.3,371.5 1 0
fb_apu04/handlers/rfb_apuracao.go:376.53,377.54 1 1
fb_apu04/handlers/rfb_apuracao.go:377.54,380.34 2 1
fb_apu04/handlers/rfb_apuracao.go:380.34,383.4 2 1
fb_apu04/handlers/rfb_apuracao.go:385.3,386.17 2 1
fb_apu04/handlers/rfb_apuracao.go:386.17,390.4 3 0
fb_apu04/handlers/rfb_apuracao.go:391.3,401.56 8 1
fb_apu04/handlers/rfb_apuracao.go:401.56,407.4 4 1
fb_apu04/handlers/rfb_apuracao.go:409.3,409.65 1 1
fb_apu04/handlers/rfb_apuracao.go:409.65,411.27 2 1
fb_apu04/handlers/rfb_apuracao.go:411.27,413.5 1 1
fb_apu04/handlers/rfb_apuracao.go:414.4,414.15 1 1
fb_apu04/handlers/rfb_apuracao.go:420.3,426.56 4 1
fb_apu04/handlers/rfb_apuracao.go:426.56,431.4 4 1
fb_apu04/handlers/rfb_apuracao.go:434.3,438.17 3 1
fb_apu04/handlers/rfb_apuracao.go:438.17,443.4 4 0
fb_apu04/handlers/rfb_apuracao.go:446.3,451.17 2 0
fb_apu04/handlers/rfb_apuracao.go:451.17,453.4 1 0
fb_apu04/handlers/rfb_apuracao.go:455.3,458.13 2 0
fb_apu04/handlers/rfb_apuracao.go:458.13,460.82 2 0
fb_apu04/handlers/rfb_apuracao.go:460.82,462.5 1 0
fb_apu04/handlers/rfb_apuracao.go:465.3,466.71 2 0
fb_apu04/handlers/rfb_apuracao.go:471.57,472.54 1 1
fb_apu04/handlers/rfb_apuracao.go:472.54,477.10 4 1
fb_apu04/handlers/rfb_apuracao.go:477.10,480.4 2 1
fb_apu04/handlers/rfb_apuracao.go:481.3,484.17 3 1
fb_apu04/handlers/rfb_apuracao.go:484.17,487.4 2 0
fb_apu04/handlers/rfb_apuracao.go:489.3,501.17 2 0
fb_apu04/handlers/rfb_apuracao.go:501.17,504.4 2 0
fb_apu04/handlers/rfb_apuracao.go:505.3,508.19 3 0
fb_apu04/handlers/rfb_apuracao.go:508.19,520.18 5 0
fb_apu04/handlers/rfb_apuracao.go:520.18,523.5 2 0
fb_apu04/handlers/rfb_apuracao.go:524.4,524.19 1 0
fb_apu04/handlers/rfb_apuracao.go:524.19,537.5 1 0
fb_apu04/handlers/rfb_apuracao.go:538.4,538.36 1 0
fb_apu04/handlers/rfb_apuracao.go:541.3,544.5 1 0
fb_apu04/handlers/rfb_apuracao.go:549.58,550.54 1 1
fb_apu04/handlers/rfb_apuracao.go:550.54,555.10 4 1
fb_apu04/handlers/rfb_apuracao.go:555.10,558.4 2 1
fb_apu04/handlers/rfb_apuracao.go:559.3,562.17 3 1
fb_apu04/handlers/rfb_apuracao.go:562.17,565.4 2 0
fb_apu04/handlers/rfb_apuracao.go:568.3,572.36 3 0
fb_apu04/handlers/rfb_apuracao.go:572.36,575.18 2 0
fb_apu04/handlers/rfb_apuracao.go:575.18,578.5 2 0
fb_apu04/handlers/rfb_apuracao.go:579.4,580.17 2 0
fb_apu04/handlers/rfb_apuracao.go:580.17,583.5 2 0
fb_apu04/handlers/rfb_apuracao.go:584.4,585.10 2 0
fb_apu04/handlers/rfb_apuracao.go:587.3,587.75 1 0
fb_apu04/handlers/rfb_apuracao.go:587.75,590.4 2 0
fb_apu04/handlers/rfb_apuracao.go:593.3,601.27 3 0
fb_apu04/handlers/rfb_apuracao.go:601.27,604.4 2 0
fb_apu04/handlers/rfb_apuracao.go:605.3,605.17 1 0
fb_apu04/handlers/rfb_apuracao.go:605.17,608.4 2 0
fb_apu04/handlers/rfb_apuracao.go:611.3,621.17 4 0
fb_apu04/handlers/rfb_apuracao.go:621.17,623.4 1 0
fb_apu04/handlers/rfb_apuracao.go:626.3,628.77 3 0
fb_apu04/handlers/rfb_apuracao.go:628.77,630.4 1 0
fb_apu04/handlers/rfb_apuracao.go:631.3,635.20 3 0
fb_apu04/handlers/rfb_apuracao.go:635.20,637.4 1 0
fb_apu04/handlers/rfb_apuracao.go:637.9,639.4 1 0
fb_apu04/handlers/rfb_apuracao.go:640.3,641.22 2 0
fb_apu04/handlers/rfb_apuracao.go:641.22,643.4 1 0
fb_apu04/handlers/rfb_apuracao.go:646.3,659.17 2 0
fb_apu04/handlers/rfb_apuracao.go:659.17,662.4 2 0
fb_apu04/handlers/rfb_apuracao.go:663.3,666.24 3 0
fb_apu04/handlers/rfb_apuracao.go:666.24,672.36 2 0
fb_apu04/handlers/rfb_apuracao.go:672.36,674.13 2 0
fb_apu04/handlers/rfb_apuracao.go:676.4,676.32 1 0
fb_apu04/handlers/rfb_apuracao.go:679.3,689.5 1 0
fb_apu04/handlers/rfb_credentials.go:27.59,28.54 1 1
fb_apu04/handlers/rfb_credentials.go:28.54,33.10 4 1
fb_apu04/handlers/rfb_credentials.go:33.10,36.4 2 1
fb_apu04/handlers/rfb_credentials.go:37.3,40.17 3 1
fb_apu04/handlers/rfb_credentials.go:40.17,43.4 2 0
fb_apu04/handlers/rfb_credentials.go:45.3,52.27 3 0
fb_apu04/handlers/rfb_credentials.go:52.27,57.4 2 0
fb_apu04/handlers/rfb_credentials.go:58.3,58.17 1 0
fb_apu04/handlers/rfb_credentials.go:58.17,61.4 2 0
fb_apu04/handlers/rfb_credentials.go:64.3,65.33 2 0
fb_apu04/handlers/rfb_credentials.go:65.33,67.4 1 0
fb_apu04/handlers/rfb_credentials.go:69.3,71.5 1 0
fb_apu04/handlers/rfb_credentials.go:76.60,77.54 1 1
fb_apu04/handlers/rfb_credentials.go:77.54,81.34 3 1
fb_apu04/handlers/rfb_credentials.go:81.34,84.4 2 1
fb_apu04/handlers/rfb_credentials.go:86.3,87.10 2 1
fb_apu04/handlers/rfb_credentials.go:87.10,90.4 2 1
fb_apu04/handlers/rfb_credentials.go:91.3,94.17 3 0
fb_apu04/handlers/rfb_credentials.go:94.17,97.4 2 0
fb_apu04/handlers/rfb_credentials.go:99.3,105.62 2 0
fb_apu04/handlers/rfb_credentials.go:105.62,108.4 2 0
fb_apu04/handlers/rfb_credentials.go:111.3,114.42 4 0
fb_apu04/handlers/rfb_credentials.go:114.42,116.4 1 0
fb_apu04/handlers/rfb_credentials.go:119.3,123.32 4 0
fb_apu04/handlers/rfb_credentials.go:123.32,126.4 2 0
fb_apu04/handlers/rfb_credentials.go:127.3,127.25 1 0
fb_apu04/handlers/rfb_credentials.go:127.25,130.4 2 0
fb_apu04/handlers/rfb_credentials.go:131.3,131.29 1 0
fb_apu04/handlers/rfb_credentials.go:131.29,134.4 2 0
fb_apu04/handlers/rfb_credentials.go:137.3,138.20 2 0
fb_apu04/handlers/rfb_credentials.go:138.20,142.4 3 0
fb_apu04/handlers/rfb_credentials.go:145.3,153.17 3 0
fb_apu04/handlers/rfb_credentials.go:153.17,156.4 2 0
fb_apu04/handlers/rfb_credentials.go:159.3,164.17 3 0
fb_apu04/handlers/rfb_credentials.go:164.17,167.4 2 0
fb_apu04/handlers/rfb_credentials.go:170.3,171.33 2 0
fb_apu04/handlers/rfb_credentials.go:171.33,173.4 1 0
fb_apu04/handlers/rfb_credentials.go:175.3,179.5 2 0
fb_apu04/handlers/rfb_credentials.go:184.62,185.54 1 1
fb_apu04/handlers/rfb_credentials.go:185.54,189.36 3 1
fb_apu04/handlers/rfb_credentials.go:189.36,192.4 2 1
fb_apu04/handlers/rfb_credentials.go:194.3,195.10 2 1
fb_apu04/handlers/rfb_credentials.go:195.10,198.4 2 1
fb_apu04/handlers/rfb_credentials.go:199.3,202.17 3 0
fb_apu04/handlers/rfb_credentials.go:202.17,205.4 2 0
fb_apu04/handlers/rfb_credentials.go:207.3,208.17 2 0
fb_apu04/handlers/rfb_credentials.go:208.17,211.4 2 0
fb_apu04/handlers/rfb_credentials.go:213.3,214.16 2 0
fb_apu04/handlers/rfb_credentials.go:214.16,217.4 2 0
fb_apu04/handlers/rfb_credentials.go:219.3,219.38 1 0
fb_apu04/handlers/simples_dashboard.go:24.62,25.54 1 1
fb_apu04/handlers/simples_dashboard.go:25.54,30.10 3 1
fb_apu04/handlers/simples_dashboard.go:30.10,33.4 2 1
fb_apu04/handlers/simples_dashboard.go:34.3,37.17 3 1
fb_apu04/handlers/simples_dashboard.go:37.17,40.4 2 0
fb_apu04/handlers/simples_dashboard.go:42.3,46.30 5 0
fb_apu04/handlers/simples_dashboard.go:46.30,48.4 1 0
fb_apu04/handlers/simples_dashboard.go:49.3,49.53 1 0
fb_apu04/handlers/simples_dashboard.go:49.53,51.4 1 0
fb_apu04/handlers/simples_dashboard.go:54.3,64.19 3 0
fb_apu04/handlers/simples_dashboard.go:64.19,67.4 2 0
fb_apu04/handlers/simples_dashboard.go:69.3,69.25 1 0
fb_apu04/handlers/simples_dashboard.go:69.25,71.55 2 0
fb_apu04/handlers/simples_dashboard.go:71.55,72.43 1 0
fb_apu04/handlers/simples_dashboard.go:72.43,74.6 1 0
fb_apu04/handlers/simples_dashboard.go:76.4,76.22 1 0
fb_apu04/handlers/simples_dashboard.go:76.22,78.29 2 0
fb_apu04/handlers/simples_dashboard.go:78.29,81.6 2 0
fb_apu04/handlers/simples_dashboard.go:82.5,82.91 1 0
fb_apu04/handlers/simples_dashboard.go:86.3,89.17 3 0
fb_apu04/handlers/simples_dashboard.go:89.17,92.4 2 0
fb_apu04/handlers/simples_dashboard.go:93.3,104.17 4 0
fb_apu04/handlers/simples_dashboard.go:104.17,109.4 3 0
fb_apu04/handlers/simples_dashboard.go:111.3,113.19 2 0
fb_apu04/handlers/simples_dashboard.go:113.19,115.103 2 0
fb_apu04/handlers/simples_dashboard.go:115.103,116.13 1 0
fb_apu04/handlers/simples_dashboard.go:130.4,136.32 5 0
fb_apu04/handlers/simples_dashboard.go:140.3,140.43 1 0
fb_apu04/handlers/simples_dashboard.go:140.43,142.4 1 0
fb_apu04/handlers/simples_dashboard.go:144.3,144.37 1 0
fb_apu04/handlers/upload.go:17.25,21.2 3 1
fb_apu04/handlers/upload.go:30.49,31.54 1 1
fb_apu04/handlers/upload.go:31.54,37.28 4 1
fb_apu04/handlers/upload.go:37.28,40.4 2 1
fb_apu04/handlers/upload.go:42.3,42.25 1 1
fb_apu04/handlers/upload.go:42.25,45.4 2 1
fb_apu04/handlers/upload.go:50.3,54.19 3 1
fb_apu04/handlers/upload.go:54.19,57.4 2 1
fb_apu04/handlers/upload.go:60.3,61.17 2 0
fb_apu04/handlers/upload.go:61.17,64.4 2 0
fb_apu04/handlers/upload.go:66.3,67.17 2 0
fb_apu04/handlers/upload.go:67.17,70.4 2 0
fb_apu04/handlers/upload.go:71.3,75.37 3 0
fb_apu04/handlers/upload.go:75.37,78.4 2 0
fb_apu04/handlers/upload.go:82.3,91.16 8 0
fb_apu04/handlers/upload.go:91.16,93.22 1 0
fb_apu04/handlers/upload.go:93.22,96.5 2 0
fb_apu04/handlers/upload.go:97.4,102.25 4 0
fb_apu04/handlers/upload.go:102.25,104.5 1 0
fb_apu04/handlers/upload.go:106.4,107.18 2 0
fb_apu04/handlers/upload.go:107.18,111.5 3 0
fb_apu04/handlers/upload.go:114.4,116.18 3 0
fb_apu04/handlers/upload.go:116.18,119.5 2 0
fb_apu04/handlers/upload.go:120.4,123.60 2 0
fb_apu04/handlers/upload.go:123.60,127.5 3 0
fb_apu04/handlers/upload.go:130.4,130.61 1 0
fb_apu04/handlers/upload.go:132.9,140.55 5 0
fb_apu04/handlers/upload.go:140.55,143.5 2 0
fb_apu04/handlers/upload.go:146.4,147.18 2 0
fb_apu04/handlers/upload.go:147.18,150.5 2 0
fb_apu04/handlers/upload.go:152.4,154.18 3 0
fb_apu04/handlers/upload.go:154.18,157.5 2 0
fb_apu04/handlers/upload.go:158.4,158.20 1 0
fb_apu04/handlers/upload.go:162.3,163.29 2 0
fb_apu04/handlers/upload.go:163.29,165.4 1 0
fb_apu04/handlers/upload.go:168.3,173.47 4 0
fb_apu04/handlers/upload.go:173.47,177.23 4 0
fb_apu04/handlers/upload.go:177.23,179.5 1 0
fb_apu04/handlers/upload.go:181.4,181.52 1 0
fb_apu04/handlers/upload.go:181.52,191.42 5 0
fb_apu04/handlers/upload.go:191.42,194.46 2 0
fb_apu04/handlers/upload.go:194.46,198.48 2 0
fb_apu04/handlers/upload.go:198.48,200.81 1 0
fb_apu04/handlers/upload.go:200.81,202.14 2 0
fb_apu04/handlers/upload.go:208.5,212.67 4 0
fb_apu04/handlers/upload.go:212.67,214.6 1 0
fb_apu04/handlers/upload.go:220.3,222.88 3 0
fb_apu04/handlers/upload.go:222.88,224.4 1 0
fb_apu04/handlers/upload.go:225.3,227.17 3 0
fb_apu04/handlers/upload.go:227.17,233.4 4 0
fb_apu04/handlers/upload.go:234.3,246.38 5 0
fb_apu04/handlers/upload.go:257.57,258.54 1 1
fb_apu04/handlers/upload.go:258.54,264.28 4 1
fb_apu04/handlers/upload.go:264.28,267.4 2 1
fb_apu04/handlers/upload.go:270.3,271.19 2 1
fb_apu04/handlers/upload.go:271.19,274.4 2 1
fb_apu04/handlers/upload.go:276.3,277.17 2 0
fb_apu04/handlers/upload.go:277.17,280.4 2 0
fb_apu04/handlers/upload.go:282.3,285.35 3 0
fb_apu04/handlers/upload.go:285.35,288.4 2 0
fb_apu04/handlers/upload.go:291.3,295.25 3 0
fb_apu04/handlers/upload.go:295.25,297.4 1 0
fb_apu04/handlers/upload.go:297.9,299.4 1 0
fb_apu04/handlers/upload.go:301.3,301.17 1 0
fb_apu04/handlers/upload.go:301.17,304.4 2 0
fb_apu04/handlers/upload.go:310.3,325.17 5 0
fb_apu04/handlers/upload.go:325.17,330.4 4 0
fb_apu04/handlers/upload.go:330.9,330.34 1 0
fb_apu04/handlers/upload.go:330.34,334.4 3 0
fb_apu04/handlers/upload.go:336.3,337.34 2 0
fb_apu04/handlers/xml_comparativo.go:62.41,82.25 2 1
fb_apu04/handlers/xml_comparativo.go:82.25,84.3 1 1
fb_apu04/handlers/xml_comparativo.go:85.2,85.24 1 1
fb_apu04/handlers/xml_comparativo.go:88.85,89.14 1 1
fb_apu04/handlers/xml_comparativo.go:90.16,91.33 1 1
fb_apu04/handlers/xml_comparativo.go:92.18,93.35 1 1
fb_apu04/handlers/xml_comparativo.go:95.2,95.22 1 1
fb_apu04/handlers/xml_comparativo.go:101.60,102.54 1 1
fb_apu04/handlers/xml_comparativo.go:102.54,103.33 1 1
fb_apu04/handlers/xml_comparativo.go:103.33,106.4 2 1
fb_apu04/handlers/xml_comparativo.go:108.3,109.10 2 1
fb_apu04/handlers/xml_comparativo.go:109.10,112.4 2 1
fb_apu04/handlers/xml_comparativo.go:113.3,115.17 3 0
fb_apu04/handlers/xml_comparativo.go:115.17,118.4 2 0
fb_apu04/handlers/xml_comparativo.go:120.3,122.13 3 0
fb_apu04/handlers/xml_comparativo.go:122.13,125.4 2 0
fb_apu04/handlers/xml_comparativo.go:128.3,168.17 3 0
fb_apu04/handlers/xml_comparativo.go:168.17,172.4 3 0
fb_apu04/handlers/xml_comparativo.go:173.3,176.19 3 0
fb_apu04/handlers/xml_comparativo.go:176.19,179.82 2 0
fb_apu04/handlers/xml_comparativo.go:179.82,181.13 2 0
fb_apu04/handlers/xml_comparativo.go:183.4,183.32 1 0
fb_apu04/handlers/xml_comparativo.go:186.3,190.5 2 0
fb_apu04/handlers/xml_comparativo.go:197.56,198.54 1 0
fb_apu04/handlers/xml_comparativo.go:198.54,199.33 1 0
fb_apu04/handlers/xml_comparativo.go:199.33,202.4 2 0
fb_apu04/handlers/xml_comparativo.go:203.3,204.10 2 0
fb_apu04/handlers/xml_comparativo.go:204.10,207.4 2 0
fb_apu04/handlers/xml_comparativo.go:208.3,210.17 3 0
fb_apu04/handlers/xml_comparativo.go:210.17,213.4 2 0
fb_apu04/handlers/xml_comparativo.go:214.3,216.13 3 0
fb_apu04/handlers/xml_comparativo.go:216.13,219.4 2 0
fb_apu04/handlers/xml_comparativo.go:222.3,240.17 3 0
fb_apu04/handlers/xml_comparativo.go:240.17,244.4 3 0
fb_apu04/handlers/xml_comparativo.go:245.3,248.19 3 0
fb_apu04/handlers/xml_comparativo.go:248.19,250.81 2 0
fb_apu04/handlers/xml_comparativo.go:250.81,252.13 2 0
fb_apu04/handlers/xml_comparativo.go:254.4,254.32 1 0
fb_apu04/handlers/xml_comparativo.go:256.3,257.91 2 0
fb_apu04/handlers/xml_comparativo.go:265.50,266.54 1 1
fb_apu04/handlers/xml_comparativo.go:266.54,267.33 1 1
fb_apu04/handlers/xml_comparativo.go:267.33,270.4 2 1
fb_apu04/handlers/xml_comparativo.go:271.3,272.10 2 1
fb_apu04/handlers/xml_comparativo.go:272.10,275.4 2 1
fb_apu04/handlers/xml_comparativo.go:276.3,278.17 3 0
fb_apu04/handlers/xml_comparativo.go:278.17,281.4 2 0
fb_apu04/handlers/xml_comparativo.go:282.3,284.13 3 0
fb_apu04/handlers/xml_comparativo.go:284.13,287.4 2 0
fb_apu04/handlers/xml_comparativo.go:288.3,289.19 2 0
fb_apu04/handlers/xml_comparativo.go:289.19,292.4 2 0
fb_apu04/handlers/xml_comparativo.go:295.3,318.17 3 0
fb_apu04/handlers/xml_comparativo.go:318.17,322.4 3 0
fb_apu04/handlers/xml_comparativo.go:323.3,326.19 3 0
fb_apu04/handlers/xml_comparativo.go:326.19,329.67 2 0
fb_apu04/handlers/xml_comparativo.go:329.67,331.13 2 0
fb_apu04/handlers/xml_comparativo.go:333.4,333.32 1 0
fb_apu04/handlers/xml_comparativo.go:335.3,336.91 2 0
fb_apu04/handlers/xml_comparativo.go:343.53,344.54 1 1
fb_apu04/handlers/xml_comparativo.go:344.54,345.33 1 1
fb_apu04/handlers/xml_comparativo.go:345.33,348.4 2 1
fb_apu04/handlers/xml_comparativo.go:350.3,351.10 2 1
fb_apu04/handlers/xml_comparativo.go:351.10,354.4 2 1
fb_apu04/handlers/xml_comparativo.go:355.3,357.17 3 0
fb_apu04/handlers/xml_comparativo.go:357.17,360.4 2 0
fb_apu04/handlers/xml_comparativo.go:362.3,376.17 3 0
fb_apu04/handlers/xml_comparativo.go:376.17,380.4 3 0
fb_apu04/handlers/xml_comparativo.go:381.3,384.19 3 0
fb_apu04/handlers/xml_comparativo.go:384.19,386.85 2 0
fb_apu04/handlers/xml_comparativo.go:386.85,388.13 2 0
fb_apu04/handlers/xml_comparativo.go:390.4,391.32 2 0
fb_apu04/handlers/xml_comparativo.go:394.3,398.5 2 0
fb_apu04/handlers/xml_conciliacao.go:67.102,72.18 4 0
fb_apu04/handlers/xml_conciliacao.go:72.18,76.3 3 0
fb_apu04/handlers/xml_conciliacao.go:78.2,122.16 4 0
fb_apu04/handlers/xml_conciliacao.go:122.16,124.3 1 0
fb_apu04/handlers/xml_conciliacao.go:125.2,128.18 3 0
fb_apu04/handlers/xml_conciliacao.go:128.18,135.17 2 0
fb_apu04/handlers/xml_conciliacao.go:135.17,137.12 2 0
fb_apu04/handlers/xml_conciliacao.go:139.3,139.31 1 0
fb_apu04/handlers/xml_conciliacao.go:141.2,141.35 1 0
fb_apu04/handlers/xml_conciliacao.go:141.35,143.3 1 0
fb_apu04/handlers/xml_conciliacao.go:144.2,144.19 1 0
fb_apu04/handlers/xml_conciliacao.go:144.19,146.3 1 0
fb_apu04/handlers/xml_conciliacao.go:147.2,147.20 1 0
fb_apu04/handlers/xml_conciliacao.go:152.90,171.16 3 0
fb_apu04/handlers/xml_conciliacao.go:171.16,173.3 1 0
fb_apu04/handlers/xml_conciliacao.go:174.2,177.18 3 0
fb_apu04/handlers/xml_conciliacao.go:177.18,181.17 2 0
fb_apu04/handlers/xml_conciliacao.go:181.17,183.12 2 0
fb_apu04/handlers/xml_conciliacao.go:185.3,185.31 1 0
fb_apu04/handlers/xml_conciliacao.go:187.2,187.35 1 0
fb_apu04/handlers/xml_conciliacao.go:187.35,189.3 1 0
fb_apu04/handlers/xml_conciliacao.go:190.2,190.19 1 0
fb_apu04/handlers/xml_conciliacao.go:190.19,192.3 1 0
fb_apu04/handlers/xml_conciliacao.go:193.2,193.20 1 0
fb_apu04/handlers/xml_conciliacao.go:201.54,202.54 1 1
fb_apu04/handlers/xml_conciliacao.go:202.54,205.33 2 1
fb_apu04/handlers/xml_conciliacao.go:205.33,208.4 2 1
fb_apu04/handlers/xml_conciliacao.go:210.3,211.10 2 1
fb_apu04/handlers/xml_conciliacao.go:211.10,214.4 2 1
fb_apu04/handlers/xml_conciliacao.go:215.3,218.17 3 0
fb_apu04/handlers/xml_conciliacao.go:218.17,221.4 2 0
fb_apu04/handlers/xml_conciliacao.go:223.3,225.17 3 0
fb_apu04/handlers/xml_conciliacao.go:225.17,227.4 1 0
fb_apu04/handlers/xml_conciliacao.go:229.3,230.23 2 0
fb_apu04/handlers/xml_conciliacao.go:230.23,232.4 1 0
fb_apu04/handlers/xml_conciliacao.go:234.3,235.17 2 0
fb_apu04/handlers/xml_conciliacao.go:235.17,239.4 3 0
fb_apu04/handlers/xml_conciliacao.go:241.3,241.18 1 0
fb_apu04/handlers/xml_conciliacao.go:241.18,243.4 1 0
fb_apu04/handlers/xml_conciliacao.go:245.3,245.63 1 0
fb_apu04/handlers/xml_conciliacao.go:245.63,247.4 1 0
fb_apu04/handlers/xml_conciliacao.go:256.52,257.54 1 1
fb_apu04/handlers/xml_conciliacao.go:257.54,260.33 2 1
fb_apu04/handlers/xml_conciliacao.go:260.33,263.4 2 1
fb_apu04/handlers/xml_conciliacao.go:265.3,266.10 2 1
fb_apu04/handlers/xml_conciliacao.go:266.10,269.4 2 1
fb_apu04/handlers/xml_conciliacao.go:270.3,273.17 3 0
fb_apu04/handlers/xml_conciliacao.go:273.17,276.4 2 0
fb_apu04/handlers/xml_conciliacao.go:278.3,279.17 2 0
fb_apu04/handlers/xml_conciliacao.go:279.17,281.4 1 0
fb_apu04/handlers/xml_conciliacao.go:283.3,284.23 2 0
fb_apu04/handlers/xml_conciliacao.go:284.23,286.4 1 0
fb_apu04/handlers/xml_conciliacao.go:288.3,289.17 2 0
fb_apu04/handlers/xml_conciliacao.go:289.17,293.4 3 0
fb_apu04/handlers/xml_conciliacao.go:295.3,295.18 1 0
fb_apu04/handlers/xml_conciliacao.go:295.18,297.4 1 0
fb_apu04/handlers/xml_conciliacao.go:299.3,299.63 1 0
fb_apu04/handlers/xml_conciliacao.go:299.63,301.4 1 0
fb_apu04/handlers/xml_conciliacao.go:310.57,311.54 1 1
fb_apu04/handlers/xml_conciliacao.go:311.54,312.33 1 1
fb_apu04/handlers/xml_conciliacao.go:312.33,315.4 2 1
fb_apu04/handlers/xml_conciliacao.go:317.3,318.10 2 1
fb_apu04/handlers/xml_conciliacao.go:318.10,321.4 2 1
fb_apu04/handlers/xml_conciliacao.go:322.3,325.17 3 0
fb_apu04/handlers/xml_conciliacao.go:325.17,328.4 2 0
fb_apu04/handlers/xml_conciliacao.go:330.3,332.17 3 0
fb_apu04/handlers/xml_conciliacao.go:332.17,334.4 1 0
fb_apu04/handlers/xml_conciliacao.go:336.3,337.23 2 0
fb_apu04/handlers/xml_conciliacao.go:337.23,339.4 1 0
fb_apu04/handlers/xml_conciliacao.go:341.3,342.17 2 0
fb_apu04/handlers/xml_conciliacao.go:342.17,346.4 3 0
fb_apu04/handlers/xml_conciliacao.go:348.3,361.42 5 0
fb_apu04/handlers/xml_conciliacao.go:361.42,364.4 2 0
fb_apu04/handlers/xml_conciliacao.go:366.3,366.28 1 0
fb_apu04/handlers/xml_conciliacao.go:366.28,375.43 2 0
fb_apu04/handlers/xml_conciliacao.go:375.43,378.5 2 0
fb_apu04/handlers/xml_conciliacao.go:381.3,382.36 2 0
fb_apu04/handlers/xml_conciliacao.go:382.36,384.4 1 0
fb_apu04/handlers/xml_notas.go:52.51,53.54 1 1
fb_apu04/handlers/xml_notas.go:53.54,56.33 2 1
fb_apu04/handlers/xml_notas.go:56.33,59.4 2 1
fb_apu04/handlers/xml_notas.go:61.3,62.10 2 1
fb_apu04/handlers/xml_notas.go:62.10,65.4 2 1
fb_apu04/handlers/xml_notas.go:66.3,69.17 3 1
fb_apu04/handlers/xml_notas.go:69.17,72.4 2 0
fb_apu04/handlers/xml_notas.go:74.3,83.78 9 0
fb_apu04/handlers/xml_notas.go:83.78,85.4 1 0
fb_apu04/handlers/xml_notas.go:86.3,86.68 1 0
fb_apu04/handlers/xml_notas.go:86.68,88.4 1 0
fb_apu04/handlers/xml_notas.go:90.3,92.15 2 0
fb_apu04/handlers/xml_notas.go:93.19,106.50 4 0
fb_apu04/handlers/xml_notas.go:108.17,121.50 4 0
fb_apu04/handlers/xml_notas.go:123.15,136.50 4 0
fb_apu04/handlers/xml_notas.go:138.11,140.10 2 0
fb_apu04/handlers/xml_notas.go:143.3,147.23 4 0
fb_apu04/handlers/xml_notas.go:147.23,151.4 3 0
fb_apu04/handlers/xml_notas.go:152.3,152.20 1 0
fb_apu04/handlers/xml_notas.go:152.20,156.4 3 0
fb_apu04/handlers/xml_notas.go:157.3,157.17 1 0
fb_apu04/handlers/xml_notas.go:157.17,161.4 3 0
fb_apu04/handlers/xml_notas.go:163.3,172.17 6 0
fb_apu04/handlers/xml_notas.go:172.17,176.4 3 0
fb_apu04/handlers/xml_notas.go:177.3,180.19 3 0
fb_apu04/handlers/xml_notas.go:180.19,190.18 2 0
fb_apu04/handlers/xml_notas.go:190.18,192.13 2 0
fb_apu04/handlers/xml_notas.go:194.4,194.28 1 0
fb_apu04/handlers/xml_notas.go:197.3,209.5 3 0
fb_apu04/handlers/xml_painel.go:21.66,22.54 1 1
fb_apu04/handlers/xml_painel.go:22.54,25.33 2 1
fb_apu04/handlers/xml_painel.go:25.33,28.4 2 1
fb_apu04/handlers/xml_painel.go:30.3,31.10 2 1
fb_apu04/handlers/xml_painel.go:31.10,34.4 2 1
fb_apu04/handlers/xml_painel.go:35.3,38.17 3 0
fb_apu04/handlers/xml_painel.go:38.17,41.4 2 0
fb_apu04/handlers/xml_painel.go:43.3,50.17 2 0
fb_apu04/handlers/xml_painel.go:50.17,54.4 3 0
fb_apu04/handlers/xml_painel.go:55.3,66.19 4 0
fb_apu04/handlers/xml_painel.go:66.19,70.18 2 0
fb_apu04/handlers/xml_painel.go:70.18,72.13 2 0
fb_apu04/handlers/xml_painel.go:74.4,74.28 1 0
fb_apu04/handlers/xml_painel.go:77.3,77.18 1 0
fb_apu04/handlers/xml_painel.go:77.18,79.4 1 0
fb_apu04/handlers/xml_painel.go:81.3,84.5 1 0
fb_apu04/handlers/xml_painel.go:96.52,97.54 1 1
fb_apu04/handlers/xml_painel.go:97.54,100.33 2 1
fb_apu04/handlers/xml_painel.go:100.33,103.4 2 1
fb_apu04/handlers/xml_painel.go:105.3,106.10 2 1
fb_apu04/handlers/xml_painel.go:106.10,109.4 2 1
fb_apu04/handlers/xml_painel.go:110.3,113.17 3 1
fb_apu04/handlers/xml_painel.go:113.17,116.4 2 0
fb_apu04/handlers/xml_painel.go:119.3,128.10 5 0
fb_apu04/handlers/xml_painel.go:128.10,131.4 2 0
fb_apu04/handlers/xml_painel.go:134.3,138.78 5 0
fb_apu04/handlers/xml_painel.go:138.78,140.4 1 0
fb_apu04/handlers/xml_painel.go:141.3,141.68 1 0
fb_apu04/handlers/xml_painel.go:141.68,143.4 1 0
fb_apu04/handlers/xml_painel.go:145.3,149.25 4 0
fb_apu04/handlers/xml_painel.go:149.25,153.4 3 0
fb_apu04/handlers/xml_painel.go:155.3,169.17 4 0
fb_apu04/handlers/xml_painel.go:169.17,173.4 3 0
fb_apu04/handlers/xml_painel.go:174.3,193.19 4 0
fb_apu04/handlers/xml_painel.go:193.19,199.18 2 0
fb_apu04/handlers/xml_painel.go:199.18,201.13 2 0
fb_apu04/handlers/xml_painel.go:203.4,203.28 1 0
fb_apu04/handlers/xml_painel.go:207.3,217.5 4 0
fb_apu04/handlers/xml_reports.go:21.63,22.54 1 1
fb_apu04/handlers/xml_reports.go:22.54,25.33 2 1
fb_apu04/handlers/xml_reports.go:25.33,28.4 2 1
fb_apu04/handlers/xml_reports.go:30.3,31.10 2 1
fb_apu04/handlers/xml_reports.go:31.10,34.4 2 1
fb_apu04/handlers/xml_reports.go:35.3,38.17 3 0
fb_apu04/handlers/xml_reports.go:38.17,41.4 2 0
fb_apu04/handlers/xml_reports.go:43.3,52.52 7 0
fb_apu04/handlers/xml_reports.go:52.52,56.4 3 0
fb_apu04/handlers/xml_reports.go:57.3,86.17 3 0
fb_apu04/handlers/xml_reports.go:86.17,90.4 3 0
fb_apu04/handlers/xml_reports.go:91.3,112.19 4 0
fb_apu04/handlers/xml_reports.go:112.19,120.18 2 0
fb_apu04/handlers/xml_reports.go:120.18,122.13 2 0
fb_apu04/handlers/xml_reports.go:124.4,124.28 1 0
fb_apu04/handlers/xml_reports.go:127.3,127.18 1 0
fb_apu04/handlers/xml_reports.go:127.18,129.4 1 0
fb_apu04/handlers/xml_reports.go:131.3,131.34 1 0
fb_apu04/handlers/xml_reports.go:170.45,171.16 1 1
fb_apu04/handlers/xml_reports.go:171.16,173.3 1 1
fb_apu04/handlers/xml_reports.go:174.2,175.25 2 1
fb_apu04/handlers/xml_reports.go:176.14,177.10 1 1
fb_apu04/handlers/xml_reports.go:178.14,179.18 1 1
fb_apu04/handlers/xml_reports.go:180.10,181.20 1 1
fb_apu04/handlers/xml_reports.go:183.2,185.15 3 1
fb_apu04/handlers/xml_reports.go:185.15,187.3 1 1
fb_apu04/handlers/xml_reports.go:188.2,188.32 1 1
fb_apu04/handlers/xml_reports.go:194.92,199.18 4 0
fb_apu04/handlers/xml_reports.go:199.18,205.3 2 0
fb_apu04/handlers/xml_reports.go:211.2,256.16 3 0
fb_apu04/handlers/xml_reports.go:256.16,258.3 1 0
fb_apu04/handlers/xml_reports.go:259.2,262.18 3 0
fb_apu04/handlers/xml_reports.go:262.18,281.17 4 0
fb_apu04/handlers/xml_reports.go:281.17,283.12 2 0
fb_apu04/handlers/xml_reports.go:285.3,287.31 3 0
fb_apu04/handlers/xml_reports.go:289.2,289.35 1 0
fb_apu04/handlers/xml_reports.go:289.35,291.3 1 0
fb_apu04/handlers/xml_reports.go:292.2,292.20 1 0
fb_apu04/handlers/xml_reports.go:299.66,300.54 1 1
fb_apu04/handlers/xml_reports.go:300.54,303.33 2 1
fb_apu04/handlers/xml_reports.go:303.33,306.4 2 1
fb_apu04/handlers/xml_reports.go:308.3,309.10 2 1
fb_apu04/handlers/xml_reports.go:309.10,312.4 2 1
fb_apu04/handlers/xml_reports.go:313.3,316.17 3 0
fb_apu04/handlers/xml_reports.go:316.17,319.4 2 0
fb_apu04/handlers/xml_reports.go:321.3,324.17 3 0
fb_apu04/handlers/xml_reports.go:324.17,328.4 3 0
fb_apu04/handlers/xml_reports.go:331.3,331.18 1 0
fb_apu04/handlers/xml_reports.go:331.18,333.4 1 0
fb_apu04/handlers/xml_reports.go:335.3,335.63 1 0
fb_apu04/handlers/xml_reports.go:335.63,337.4 1 0
fb_apu04/handlers/xml_reports.go:346.59,347.54 1 1
fb_apu04/handlers/xml_reports.go:347.54,348.33 1 1
fb_apu04/handlers/xml_reports.go:348.33,351.4 2 1
fb_apu04/handlers/xml_reports.go:353.3,354.10 2 1
fb_apu04/handlers/xml_reports.go:354.10,357.4 2 1
fb_apu04/handlers/xml_reports.go:358.3,361.17 3 0
fb_apu04/handlers/xml_reports.go:361.17,364.4 2 0
fb_apu04/handlers/xml_reports.go:366.3,369.17 3 0
fb_apu04/handlers/xml_reports.go:369.17,373.4 3 0
fb_apu04/handlers/xml_reports.go:375.3,396.42 5 0
fb_apu04/handlers/xml_reports.go:396.42,399.4 2 0
fb_apu04/handlers/xml_reports.go:401.3,401.28 1 0
fb_apu04/handlers/xml_reports.go:401.28,403.36 2 0
fb_apu04/handlers/xml_reports.go:403.36,405.5 1 0
fb_apu04/handlers/xml_reports.go:406.4,407.35 2 0
fb_apu04/handlers/xml_reports.go:407.35,409.5 1 0
fb_apu04/handlers/xml_reports.go:410.4,411.32 2 0
fb_apu04/handlers/xml_reports.go:411.32,413.5 1 0
fb_apu04/handlers/xml_reports.go:414.4,415.32 2 0
fb_apu04/handlers/xml_reports.go:415.32,417.5 1 0
fb_apu04/handlers/xml_reports.go:418.4,419.31 2 0
fb_apu04/handlers/xml_reports.go:419.31,421.5 1 0
fb_apu04/handlers/xml_reports.go:422.4,438.43 2 0
fb_apu04/handlers/xml_reports.go:438.43,441.5 2 0
fb_apu04/handlers/xml_reports.go:444.3,445.36 2 0
fb_apu04/handlers/xml_reports.go:445.36,447.4 1 0
fb_apu04/handlers/xml_reports.go:456.68,457.54 1 1
fb_apu04/handlers/xml_reports.go:457.54,460.33 2 1
fb_apu04/handlers/xml_reports.go:460.33,463.4 2 1
fb_apu04/handlers/xml_reports.go:465.3,466.10 2 1
fb_apu04/handlers/xml_reports.go:466.10,469.4 2 1
fb_apu04/handlers/xml_reports.go:470.3,473.17 3 0
fb_apu04/handlers/xml_reports.go:473.17,476.4 2 0
fb_apu04/handlers/xml_reports.go:478.3,483.19 5 0
fb_apu04/handlers/xml_reports.go:483.19,486.4 2 0
fb_apu04/handlers/xml_reports.go:488.3,505.17 3 0
fb_apu04/handlers/xml_reports.go:505.17,509.4 3 0
fb_apu04/handlers/xml_reports.go:510.3,521.19 4 0
fb_apu04/handlers/xml_reports.go:521.19,529.18 2 0
fb_apu04/handlers/xml_reports.go:529.18,531.13 2 0
fb_apu04/handlers/xml_reports.go:533.4,533.28 1 0
fb_apu04/handlers/xml_reports.go:535.3,535.36 1 0
fb_apu04/handlers/xml_reports.go:535.36,539.4 3 0
fb_apu04/handlers/xml_reports.go:541.3,541.18 1 0
fb_apu04/handlers/xml_reports.go:541.18,543.4 1 0
fb_apu04/handlers/xml_reports.go:545.3,545.63 1 0
fb_apu04/handlers/xml_reports.go:545.63,547.4 1 0
fb_apu04/handlers/xml_upload.go:42.58,44.16 2 1
fb_apu04/handlers/xml_upload.go:44.16,46.3 1 1
fb_apu04/handlers/xml_upload.go:47.2,47.40 1 1
fb_apu04/handlers/xml_upload.go:52.62,54.16 2 1
fb_apu04/handlers/xml_upload.go:54.16,56.3 1 1
fb_apu04/handlers/xml_upload.go:57.2,58.40 2 1
fb_apu04/handlers/xml_upload.go:63.69,67.26 3 1
fb_apu04/handlers/xml_upload.go:67.26,68.27 1 1
fb_apu04/handlers/xml_upload.go:68.27,69.12 1 0
fb_apu04/handlers/xml_upload.go:72.3,72.37 1 1
fb_apu04/handlers/xml_upload.go:72.37,73.12 1 1
fb_apu04/handlers/xml_upload.go:75.3,76.57 2 1
fb_apu04/handlers/xml_upload.go:76.57,77.12 1 1
fb_apu04/handlers/xml_upload.go:81.3,82.47 2 1
fb_apu04/handlers/xml_upload.go:82.47,84.4 1 0
fb_apu04/handlers/xml_upload.go:86.3,87.17 2 1
fb_apu04/handlers/xml_upload.go:87.17,89.4 1 0
fb_apu04/handlers/xml_upload.go:90.3,92.17 3 1
fb_apu04/handlers/xml_upload.go:92.17,94.4 1 0
fb_apu04/handlers/xml_upload.go:95.3,95.46 1 1
fb_apu04/handlers/xml_upload.go:95.46,97.4 1 0
fb_apu04/handlers/xml_upload.go:99.3,99.71 1 1
fb_apu04/handlers/xml_upload.go:102.2,102.22 1 1
fb_apu04/handlers/xml_upload.go:111.62,113.16 2 1
fb_apu04/handlers/xml_upload.go:113.16,115.3 1 1
fb_apu04/handlers/xml_upload.go:116.2,121.6 4 1
fb_apu04/handlers/xml_upload.go:121.6,123.20 2 1
fb_apu04/handlers/xml_upload.go:123.20,124.9 1 1
fb_apu04/handlers/xml_upload.go:126.3,126.17 1 1
fb_apu04/handlers/xml_upload.go:126.17,128.4 1 0
fb_apu04/handlers/xml_upload.go:129.3,129.16 1 1
fb_apu04/handlers/xml_upload.go:129.16,130.12 1 0
fb_apu04/handlers/xml_upload.go:133.3,133.39 1 1
fb_apu04/handlers/xml_upload.go:133.39,134.12 1 0
fb_apu04/handlers/xml_upload.go:136.3,137.57 2 1
fb_apu04/handlers/xml_upload.go:137.57,138.12 1 1
fb_apu04/handlers/xml_upload.go:142.3,143.47 2 0
fb_apu04/handlers/xml_upload.go:143.47,145.4 1 0
fb_apu04/handlers/xml_upload.go:147.3,148.17 2 0
fb_apu04/handlers/xml_upload.go:148.17,150.4 1 0
fb_apu04/handlers/xml_upload.go:151.3,151.43 1 0
fb_apu04/handlers/xml_upload.go:151.43,153.4 1 0
fb_apu04/handlers/xml_upload.go:155.3,155.68 1 0
fb_apu04/handlers/xml_upload.go:158.2,158.22 1 1
fb_apu04/handlers/xml_upload.go:172.122,174.2 1 1
fb_apu04/handlers/xml_upload.go:176.122,181.30 4 1
fb_apu04/handlers/xml_upload.go:181.30,183.25 1 1
fb_apu04/handlers/xml_upload.go:183.25,188.4 1 1
fb_apu04/handlers/xml_upload.go:190.3,190.80 1 1
fb_apu04/handlers/xml_upload.go:190.80,197.4 3 1
fb_apu04/handlers/xml_upload.go:197.9,199.4 1 0
fb_apu04/handlers/xml_upload.go:203.2,217.18 3 1
fb_apu04/handlers/xml_upload.go:217.18,219.3 1 0
fb_apu04/handlers/xml_upload.go:220.2,224.40 2 0
fb_apu04/handlers/xml_upload.go:224.40,225.13 1 0
fb_apu04/handlers/xml_upload.go:225.13,226.100 1 0
fb_apu04/handlers/xml_upload.go:226.100,227.87 1 0
fb_apu04/handlers/xml_upload.go:227.87,229.6 1 0
fb_apu04/handlers/xml_upload.go:236.105,241.23 3 1
fb_apu04/handlers/xml_upload.go:241.23,243.3 1 0
fb_apu04/handlers/xml_upload.go:244.2,245.29 2 1
fb_apu04/handlers/xml_upload.go:245.29,247.3 1 1
fb_apu04/handlers/xml_upload.go:248.2,249.96 2 1
fb_apu04/handlers/xml_upload.go:249.96,251.3 1 0
fb_apu04/handlers/xml_upload.go:254.2,254.20 1 1
fb_apu04/handlers/xml_upload.go:254.20,256.3 1 0
fb_apu04/handlers/xml_upload.go:259.2,260.16 2 1
fb_apu04/handlers/xml_upload.go:260.16,262.3 1 1
fb_apu04/handlers/xml_upload.go:264.2,268.32 3 1
fb_apu04/handlers/xml_upload.go:268.32,270.3 1 1
fb_apu04/handlers/xml_upload.go:272.2,273.22 2 1
fb_apu04/handlers/xml_upload.go:273.22,275.3 1 1
fb_apu04/handlers/xml_upload.go:277.2,278.16 2 1
fb_apu04/handlers/xml_upload.go:278.16,280.3 1 1
fb_apu04/handlers/xml_upload.go:281.2,281.23 1 1
fb_apu04/handlers/xml_upload.go:281.23,283.3 1 0
fb_apu04/handlers/xml_upload.go:285.2,286.23 2 1
fb_apu04/handlers/xml_upload.go:286.23,288.3 1 0
fb_apu04/handlers/xml_upload.go:290.2,295.16 5 1
fb_apu04/handlers/xml_upload.go:295.16,297.3 1 0
fb_apu04/handlers/xml_upload.go:298.2,302.14 3 0
fb_apu04/handlers/xml_upload.go:303.18,369.17 2 0
fb_apu04/handlers/xml_upload.go:369.17,371.4 1 0
fb_apu04/handlers/xml_upload.go:372.3,372.23 1 0
fb_apu04/handlers/xml_upload.go:372.23,374.4 1 0
fb_apu04/handlers/xml_upload.go:376.16,378.45 1 0
fb_apu04/handlers/xml_upload.go:378.45,380.4 1 0
fb_apu04/handlers/xml_upload.go:381.3,441.17 2 0
fb_apu04/handlers/xml_upload.go:441.17,443.4 1 0
fb_apu04/handlers/xml_upload.go:444.3,444.23 1 0
fb_apu04/handlers/xml_upload.go:444.23,446.4 1 0
fb_apu04/handlers/xml_upload.go:448.10,449.51 1 0
fb_apu04/handlers/xml_upload.go:453.2,453.44 1 0
fb_apu04/handlers/xml_upload.go:453.44,455.21 2 0
fb_apu04/handlers/xml_upload.go:455.21,457.4 1 0
fb_apu04/handlers/xml_upload.go:460.2,460.36 1 0
fb_apu04/handlers/xml_upload.go:460.36,462.3 1 0
fb_apu04/handlers/xml_upload.go:467.2,467.22 1 0
fb_apu04/handlers/xml_upload.go:467.22,469.3 1 0
fb_apu04/handlers/xml_upload.go:471.2,471.12 1 0
fb_apu04/handlers/xml_upload.go:475.92,477.16 2 0
fb_apu04/handlers/xml_upload.go:477.16,479.3 1 0
fb_apu04/handlers/xml_upload.go:481.2,483.17 3 0
fb_apu04/handlers/xml_upload.go:483.17,485.3 1 0
fb_apu04/handlers/xml_upload.go:487.2,488.22 2 0
fb_apu04/handlers/xml_upload.go:488.22,490.3 1 0
fb_apu04/handlers/xml_upload.go:492.2,493.16 2 0
fb_apu04/handlers/xml_upload.go:493.16,495.3 1 0
fb_apu04/handlers/xml_upload.go:496.2,496.23 1 0
fb_apu04/handlers/xml_upload.go:496.23,498.3 1 0
fb_apu04/handlers/xml_upload.go:500.2,501.22 2 0
fb_apu04/handlers/xml_upload.go:501.22,503.3 1 0
fb_apu04/handlers/xml_upload.go:504.2,505.23 2 0
fb_apu04/handlers/xml_upload.go:505.23,507.3 1 0
fb_apu04/handlers/xml_upload.go:509.2,556.16 5 0
fb_apu04/handlers/xml_upload.go:556.16,558.3 1 0
fb_apu04/handlers/xml_upload.go:559.2,559.12 1 0
fb_apu04/handlers/xml_upload.go:568.52,569.54 1 1
fb_apu04/handlers/xml_upload.go:569.54,572.34 2 1
fb_apu04/handlers/xml_upload.go:572.34,575.4 2 1
fb_apu04/handlers/xml_upload.go:578.3,579.10 2 1
fb_apu04/handlers/xml_upload.go:579.10,582.4 2 1
fb_apu04/handlers/xml_upload.go:583.3,586.17 3 0
fb_apu04/handlers/xml_upload.go:586.17,589.4 2 0
fb_apu04/handlers/xml_upload.go:592.3,592.43 1 0
fb_apu04/handlers/xml_upload.go:592.43,595.4 2 0
fb_apu04/handlers/xml_upload.go:598.3,598.56 1 0
fb_apu04/handlers/xml_upload.go:598.56,601.4 2 0
fb_apu04/handlers/xml_upload.go:604.3,605.63 2 0
fb_apu04/handlers/xml_upload.go:605.63,609.4 3 0
fb_apu04/handlers/xml_upload.go:612.3,613.24 2 0
fb_apu04/handlers/xml_upload.go:613.24,618.23 5 0
fb_apu04/handlers/xml_upload.go:618.23,620.5 1 0
fb_apu04/handlers/xml_upload.go:621.4,621.124 1 0
fb_apu04/handlers/xml_upload.go:621.124,624.5 2 0
fb_apu04/handlers/xml_upload.go:628.3,629.28 2 0
fb_apu04/handlers/xml_upload.go:629.28,632.4 2 0
fb_apu04/handlers/xml_upload.go:634.3,637.36 3 0
fb_apu04/handlers/xml_upload.go:637.36,639.18 2 0
fb_apu04/handlers/xml_upload.go:639.18,642.5 2 0
fb_apu04/handlers/xml_upload.go:644.4,645.38 2 0
fb_apu04/handlers/xml_upload.go:645.38,648.22 2 0
fb_apu04/handlers/xml_upload.go:648.22,652.6 3 0
fb_apu04/handlers/xml_upload.go:653.5,657.23 5 0
fb_apu04/handlers/xml_upload.go:657.23,661.6 3 0
fb_apu04/handlers/xml_upload.go:662.5,662.37 1 0
fb_apu04/handlers/xml_upload.go:662.37,666.6 3 0
fb_apu04/handlers/xml_upload.go:667.5,669.22 3 0
fb_apu04/handlers/xml_upload.go:669.22,671.6 1 0
fb_apu04/handlers/xml_upload.go:671.11,673.6 1 0
fb_apu04/handlers/xml_upload.go:674.5,675.23 2 0
fb_apu04/handlers/xml_upload.go:675.23,679.6 3 0
fb_apu04/handlers/xml_upload.go:680.5,681.46 2 0
fb_apu04/handlers/xml_upload.go:682.10,682.28 1 0
fb_apu04/handlers/xml_upload.go:682.28,685.23 3 0
fb_apu04/handlers/xml_upload.go:685.23,688.6 2 0
fb_apu04/handlers/xml_upload.go:689.5,689.48 1 0
fb_apu04/handlers/xml_upload.go:689.48,692.6 2 0
fb_apu04/handlers/xml_upload.go:693.5,693.78 1 0
fb_apu04/handlers/xml_upload.go:694.10,699.5 4 0
fb_apu04/handlers/xml_upload.go:702.3,702.25 1 0
fb_apu04/handlers/xml_upload.go:702.25,706.4 3 0
fb_apu04/handlers/xml_upload.go:708.3,714.32 4 0
fb_apu04/handlers/xml_upload.go:714.32,716.23 2 0
fb_apu04/handlers/xml_upload.go:716.23,718.5 1 0
fb_apu04/handlers/xml_upload.go:720.4,727.18 3 0
fb_apu04/handlers/xml_upload.go:727.18,731.5 3 0
fb_apu04/handlers/xml_upload.go:732.4,732.14 1 0
fb_apu04/handlers/xml_upload.go:732.14,734.5 1 0
fb_apu04/handlers/xml_upload.go:737.4,737.71 1 0
fb_apu04/handlers/xml_upload.go:737.71,744.21 6 0
fb_apu04/handlers/xml_upload.go:744.21,746.6 1 0
fb_apu04/handlers/xml_upload.go:747.5,755.11 3 0
fb_apu04/handlers/xml_upload.go:759.4,761.29 3 0
fb_apu04/handlers/xml_upload.go:761.29,763.20 2 0
fb_apu04/handlers/xml_upload.go:763.20,764.14 1 0
fb_apu04/handlers/xml_upload.go:766.5,766.22 1 0
fb_apu04/handlers/xml_upload.go:768.4,770.26 2 0
fb_apu04/handlers/xml_upload.go:773.3,779.5 2 0
fb_apu04/handlers/xml_upload.go:797.74,800.33 3 1
fb_apu04/handlers/xml_upload.go:800.33,802.3 1 1
fb_apu04/handlers/xml_upload.go:803.2,803.13 1 1
fb_apu04/handlers/xml_upload.go:804.16,805.30 1 1
fb_apu04/handlers/xml_upload.go:806.11,807.24 1 1
fb_apu04/handlers/xml_upload.go:808.10,809.16 1 1
fb_apu04/handlers/xml_upload.go:811.2,819.20 2 1
fb_apu04/handlers/xml_upload.go:829.78,831.17 2 1
fb_apu04/handlers/xml_upload.go:831.17,833.3 1 1
fb_apu04/handlers/xml_upload.go:834.2,835.16 2 0
fb_apu04/handlers/xml_upload.go:835.16,838.3 2 0
fb_apu04/handlers/xml_upload.go:839.2,839.64 1 0
fb_apu04/handlers/xml_upload.go:839.64,841.3 1 0
fb_apu04/handlers/xml_upload.go:844.61,845.37 1 1
fb_apu04/handlers/xml_upload.go:845.37,847.3 1 1
fb_apu04/handlers/xml_upload.go:848.2,849.40 2 1
fb_apu04/handlers/xml_upload.go:849.40,851.23 2 1
fb_apu04/handlers/xml_upload.go:851.23,853.4 1 1
fb_apu04/handlers/xml_upload.go:854.3,854.40 1 1
fb_apu04/handlers/xml_upload.go:856.2,856.15 1 1
fb_apu04/handlers/xml_upload.go:863.63,864.54 1 1
fb_apu04/handlers/xml_upload.go:864.54,867.33 2 1
fb_apu04/handlers/xml_upload.go:867.33,870.4 2 1
fb_apu04/handlers/xml_upload.go:872.3,873.10 2 1
fb_apu04/handlers/xml_upload.go:873.10,876.4 2 1
fb_apu04/handlers/xml_upload.go:877.3,880.17 3 0
fb_apu04/handlers/xml_upload.go:880.17,883.4 2 0
fb_apu04/handlers/xml_upload.go:886.3,889.20 4 0
fb_apu04/handlers/xml_upload.go:889.20,892.4 2 0
fb_apu04/handlers/xml_upload.go:894.3,915.27 3 0
fb_apu04/handlers/xml_upload.go:915.27,918.4 2 0
fb_apu04/handlers/xml_upload.go:919.3,919.17 1 0
fb_apu04/handlers/xml_upload.go:919.17,923.4 3 0
fb_apu04/handlers/xml_upload.go:925.3,936.24 2 0
fb_apu04/handlers/xml_upload.go:936.24,938.4 1 0
fb_apu04/handlers/xml_upload.go:940.3,940.56 1 0
fb_apu04/handlers/xml_upload.go:940.56,942.4 1 0
fb_apu04/handlers/xml_upload.go:944.3,944.34 1 0
fb_apu04/handlers/xml_upload.go:953.59,954.54 1 1
fb_apu04/handlers/xml_upload.go:954.54,957.33 2 1
fb_apu04/handlers/xml_upload.go:957.33,960.4 2 1
fb_apu04/handlers/xml_upload.go:962.3,963.10 2 1
fb_apu04/handlers/xml_upload.go:963.10,966.4 2 1
fb_apu04/handlers/xml_upload.go:967.3,970.17 3 0
fb_apu04/handlers/xml_upload.go:970.17,973.4 2 0
fb_apu04/handlers/xml_upload.go:975.3,979.78 5 0
fb_apu04/handlers/xml_upload.go:979.78,981.4 1 0
fb_apu04/handlers/xml_upload.go:982.3,982.68 1 0
fb_apu04/handlers/xml_upload.go:982.68,984.4 1 0
fb_apu04/handlers/xml_upload.go:986.3,990.103 4 0
fb_apu04/handlers/xml_upload.go:990.103,994.4 3 0
fb_apu04/handlers/xml_upload.go:996.3,1011.17 3 0
fb_apu04/handlers/xml_upload.go:1011.17,1015.4 3 0
fb_apu04/handlers/xml_upload.go:1016.3,1034.19 4 0
fb_apu04/handlers/xml_upload.go:1034.19,1042.18 4 0
fb_apu04/handlers/xml_upload.go:1042.18,1044.13 2 0
fb_apu04/handlers/xml_upload.go:1046.4,1047.25 2 0
fb_apu04/handlers/xml_upload.go:1047.25,1050.5 2 0
fb_apu04/handlers/xml_upload.go:1051.4,1051.26 1 0
fb_apu04/handlers/xml_upload.go:1055.3,1065.5 3 0
